{
	"credit": "Made with Blockbench",
	"textures": {
		"0": "blocks/glass",
		"1": "blocks/anvil_base",
		"2": "blocks/fire_layer_0",
		"4": "blocks/stone_andesite_smooth",
		"6": "blocks/concrete_powder_gray",
		"7": "blocks/concrete_gray",
		"particle": "blocks/glass"
	},
	"elements": [
		{
			"from": [7, 1, 8.8],
			"to": [7.2, 4, 9],
			"faces": {
				"north": {"uv": [4, 0, 5.2, 16], "texture": "#7"},
				"east": {"uv": [4, 0, 5.2, 16], "texture": "#7"},
				"south": {"uv": [4, 0, 5.2, 16], "texture": "#7"},
				"west": {"uv": [4, 0, 5.2, 16], "texture": "#7"},
				"up": {"uv": [4, 0, 5.2, 16], "texture": "#7"},
				"down": {"uv": [4, 0, 5.2, 16], "texture": "#7"}
			}
		},
		{
			"from": [7, 1, 7],
			"to": [7.2, 4, 7.2],
			"faces": {
				"north": {"uv": [5, 0, 6.2, 16], "texture": "#7"},
				"east": {"uv": [5, 0, 6.2, 16], "texture": "#7"},
				"south": {"uv": [5, 0, 6.2, 16], "texture": "#7"},
				"west": {"uv": [5, 0, 6.2, 16], "texture": "#7"},
				"up": {"uv": [5, 0, 6.2, 16], "texture": "#7"},
				"down": {"uv": [5, 0, 6.2, 16], "texture": "#7"}
			}
		},
		{
			"from": [8.8, 1, 7],
			"to": [9, 4, 7.2],
			"faces": {
				"north": {"uv": [12, 0, 13.2, 16], "texture": "#7"},
				"east": {"uv": [12, 0, 13.2, 16], "texture": "#7"},
				"south": {"uv": [12, 0, 13.2, 16], "texture": "#7"},
				"west": {"uv": [12, 0, 13.2, 16], "texture": "#7"},
				"up": {"uv": [12, 0, 13.2, 16], "texture": "#7"},
				"down": {"uv": [12, 0, 13.2, 16], "texture": "#7"}
			}
		},
		{
			"from": [8.8, 1, 8.8],
			"to": [9, 4, 9],
			"faces": {
				"north": {"uv": [10, 0, 11.2, 16], "texture": "#7"},
				"east": {"uv": [10, 0, 11.2, 16], "texture": "#7"},
				"south": {"uv": [10, 0, 11.2, 16], "texture": "#7"},
				"west": {"uv": [10, 0, 11.2, 16], "texture": "#7"},
				"up": {"uv": [10, 0, 11.2, 16], "texture": "#7"},
				"down": {"uv": [10, 0, 11.2, 16], "texture": "#7"}
			}
		},
		{
			"from": [6.9, 4, 6.9],
			"to": [9.1, 4.3, 9.1],
			"faces": {
				"north": {"uv": [0, 0, 15.2, 3.3], "texture": "#1"},
				"east": {"uv": [0, 0, 15.2, 3.3], "texture": "#1"},
				"south": {"uv": [0, 0, 15.2, 3.3], "texture": "#1"},
				"west": {"uv": [0, 0, 15.2, 3.3], "texture": "#1"},
				"up": {"uv": [0, 0, 15.2, 15.3], "texture": "#1"},
				"down": {"uv": [0, 0, 15.2, 15.3], "texture": "#1"}
			}
		},
		{
			"from": [6.8, 0, 6.8],
			"to": [9.2, 0.4, 9.2],
			"faces": {
				"north": {"uv": [0, 0, 15.4, 3.4], "texture": "#1"},
				"east": {"uv": [0, 0, 15.4, 3.4], "texture": "#1"},
				"south": {"uv": [0, 0, 15.4, 3.4], "texture": "#1"},
				"west": {"uv": [0, 0, 15.4, 3.4], "texture": "#1"},
				"up": {"uv": [0, 0, 15.4, 3.4], "texture": "#1"},
				"down": {"uv": [0, 0, 15.4, 15.4], "texture": "#1"}
			}
		},
		{
			"from": [6.9, 0.4, 6.9],
			"to": [9.1, 1, 9.1],
			"faces": {
				"north": {"uv": [0, 0, 16, 4.6], "texture": "#6"},
				"east": {"uv": [0, 0, 16, 4.6], "texture": "#6"},
				"south": {"uv": [0, 0, 16, 4.6], "texture": "#6"},
				"west": {"uv": [0, 0, 16, 4.6], "texture": "#6"},
				"up": {"uv": [0, 0, 16, 15.6], "texture": "#4"},
				"down": {"uv": [0, 0, 16, 4.6], "texture": "#6"}
			}
		},
		{
			"from": [7.8, 2.1, 7.8],
			"to": [8.2, 2.5, 8.2],
			"faces": {
				"north": {"uv": [0, 0, 15.4, 15.4], "texture": "#2"},
				"east": {"uv": [0, 0, 15.4, 15.4], "texture": "#2"},
				"south": {"uv": [0, 0, 15.4, 15.4], "texture": "#2"},
				"west": {"uv": [0, 0, 15.4, 15.4], "texture": "#2"},
				"up": {"uv": [0, 0, 1.4, 1.4], "texture": "#2"},
				"down": {"uv": [0, 0, 15.4, 15.4], "texture": "#2"}
			}
		},
		{
			"from": [7.8, 1.7, 7.8],
			"to": [8.2, 2.1, 8.2],
			"faces": {
				"north": {"uv": [4, 12, 7.4, 15.4], "texture": "#4"},
				"east": {"uv": [4, 12, 7.4, 15.4], "texture": "#4"},
				"south": {"uv": [4, 12, 7.4, 15.4], "texture": "#4"},
				"west": {"uv": [4, 12, 7.4, 15.4], "texture": "#4"},
				"up": {"uv": [4, 12, 7.4, 15.4], "texture": "#4"},
				"down": {"uv": [4, 12, 7.4, 15.4], "texture": "#4"}
			}
		},
		{
			"from": [7, 4.6, 8],
			"to": [7.1, 6.2, 8.1],
			"faces": {
				"north": {"uv": [5, 0, 5.8, 15.7], "rotation": 180, "texture": "#4"},
				"east": {"uv": [5, 0, 5.8, 15.7], "rotation": 180, "texture": "#4"},
				"south": {"uv": [5, 0, 5.8, 15.7], "rotation": 180, "texture": "#4"},
				"west": {"uv": [5, 0, 5.8, 15.7], "rotation": 180, "texture": "#4"},
				"up": {"uv": [5, 0, 5.8, 15.7], "rotation": 180, "texture": "#4"},
				"down": {"uv": [5, 0, 5.8, 15.7], "rotation": 180, "texture": "#4"}
			}
		},
		{
			"from": [8.9, 4.6, 8],
			"to": [9, 6.2, 8.1],
			"faces": {
				"north": {"uv": [5, 0, 5.8, 15.7], "rotation": 180, "texture": "#4"},
				"east": {"uv": [5, 0, 5.8, 15.7], "rotation": 180, "texture": "#4"},
				"south": {"uv": [5, 0, 5.8, 15.7], "rotation": 180, "texture": "#4"},
				"west": {"uv": [5, 0, 5.8, 15.7], "rotation": 180, "texture": "#4"},
				"up": {"uv": [5, 0, 5.8, 15.7], "rotation": 180, "texture": "#4"},
				"down": {"uv": [5, 0, 5.8, 15.7], "rotation": 180, "texture": "#4"}
			}
		},
		{
			"from": [7.1, 6.2, 8],
			"to": [8.9, 6.3, 8.1],
			"faces": {
				"north": {"uv": [0, 0, 15.8, 0.7], "rotation": 180, "texture": "#4"},
				"east": {"uv": [0, 0, 15.8, 0.7], "rotation": 180, "texture": "#4"},
				"south": {"uv": [0, 0, 15.8, 0.7], "rotation": 180, "texture": "#4"},
				"west": {"uv": [0, 0, 15.8, 0.7], "rotation": 180, "texture": "#4"},
				"up": {"uv": [0, 0, 15.8, 0.7], "rotation": 180, "texture": "#4"},
				"down": {"uv": [0, 0, 15.8, 0.7], "rotation": 180, "texture": "#4"}
			}
		},
		{
			"from": [7.1, 4.5, 8],
			"to": [8.9, 4.6, 8.1],
			"faces": {
				"north": {"uv": [0, 14.7, 15.8, 15.7], "rotation": 180, "texture": "#4"},
				"east": {"uv": [0, 14.7, 15.8, 15.7], "rotation": 180, "texture": "#4"},
				"south": {"uv": [0, 14.7, 15.8, 15.7], "rotation": 180, "texture": "#4"},
				"west": {"uv": [0, 14.7, 15.8, 15.7], "rotation": 180, "texture": "#4"},
				"up": {"uv": [0, 14.7, 15.8, 15.7], "rotation": 180, "texture": "#4"},
				"down": {"uv": [0, 14.7, 15.8, 15.7], "rotation": 180, "texture": "#4"}
			}
		},
		{
			"from": [7.6, 4.3, 7.6],
			"to": [8.4, 4.5, 8.4],
			"faces": {
				"north": {"uv": [5, 0, 12.8, 1.7], "rotation": 180, "texture": "#4"},
				"east": {"uv": [5, 0, 12.8, 1.7], "rotation": 180, "texture": "#4"},
				"south": {"uv": [5, 0, 12.8, 1.7], "rotation": 180, "texture": "#4"},
				"west": {"uv": [5, 0, 12.8, 1.7], "rotation": 180, "texture": "#4"},
				"up": {"uv": [1, 1, 3.8, 5.7], "texture": "#4"},
				"down": {"uv": [5, 0, 12.8, 1.7], "rotation": 180, "texture": "#4"}
			}
		},
		{
			"from": [7.6, 1, 7.6],
			"to": [8.4, 1.7, 8.4],
			"faces": {
				"north": {"uv": [0, 0, 7.8, 7.7], "texture": "#6"},
				"east": {"uv": [0, 0, 7.8, 7.7], "texture": "#6"},
				"south": {"uv": [0, 0, 7.8, 7.7], "texture": "#6"},
				"west": {"uv": [0, 0, 7.8, 7.7], "texture": "#6"},
				"up": {"uv": [0, 0, 7.8, 7.7], "texture": "#6"},
				"down": {"uv": [0, 0, 7.8, 7.7], "texture": "#6"}
			}
		},
		{
			"from": [7.4, 1.7, 7.4],
			"to": [8.6, 3.5, 8.6],
			"faces": {
				"north": {"uv": [0, 0, 10.2, 15.8], "texture": "#0"},
				"east": {"uv": [0, 0, 10.2, 15.8], "texture": "#0"},
				"south": {"uv": [0, 0, 11.2, 15.8], "texture": "#0"},
				"west": {"uv": [0, 0, 11.2, 15.8], "texture": "#0"},
				"up": {"uv": [0, 0, 15.2, 15.2], "texture": "#0"},
				"down": {"uv": [0, 0, 15.2, 15.8], "texture": "#0"}
			}
		}
	],
	"display": {
		"thirdperson_righthand": {
			"scale": [1.5, 1.5, 1.5],
			"rotation": [0, 0, 0],
			"translation": [0, 0, 1]
		},
		"thirdperson_lefthand": {
			"scale": [1.5, 1.5, 1.5],
			"rotation": [4, 0, 0],
			"translation": [0, 0, 1]
		},
		"firstperson_righthand": {
			"scale": [1.5, 1.5, 1.5],
			"translation": [3, 10, 0.5],
			"rotation": [7, 4, 1]
		},
		"firstperson_lefthand": {
			"scale": [1.5, 1.5, 1.5],
			"rotation": [-7, 0, 0],
			"translation": [2.5, 8, 0]
		},
		"ground": {
			"scale": [1.5, 1.5, 1.5],
			"translation": [0, 8, 0]
		},
		"fixed": {
			"scale": [3.25, 3.25, 3.25],
			"translation": [0, 17, -4],
			"rotation": [0, -1, 0]
		},
		"gui": {
			"scale": [2, 2, 2],
			"rotation": [0, 0, 0],
			"translation": [0, 10, 0]
		}
	}
}