{
	"credit": "Made with Blockbench",
	"textures": {
		"0": "blocks/tools",
		"particle": "blocks/tools"
	},
	"elements": [
		{
			"from": [-9.1, 3, 8],
			"to": [1.7, 4, 9],
			"faces": {
				"north": {"uv": [12.25, 1.25, 15.9, 1.65], "texture": "#0"},
				"east": {"uv": [12.25, 1.25, 15.9, 1.65], "texture": "#0"},
				"south": {"uv": [12.25, 1.25, 15.9, 1.65], "texture": "#0"},
				"west": {"uv": [12.25, 1.25, 15.9, 1.65], "texture": "#0"},
				"up": {"uv": [12.25, 1.25, 15.9, 1.65], "texture": "#0"},
				"down": {"uv": [12.25, 1.25, 15.9, 1.65], "texture": "#0"}
			}
		},
		{
			"from": [-1.7, 2.85, 8.3],
			"to": [0.1, 3, 8.7],
			"faces": {
				"north": {"uv": [1.25, 6.25, 1.95, 6.95], "texture": "#0"},
				"east": {"uv": [1.25, 6.25, 1.95, 6.95], "texture": "#0"},
				"south": {"uv": [1.25, 6.25, 1.95, 6.95], "texture": "#0"},
				"west": {"uv": [1.25, 6.25, 1.95, 6.95], "texture": "#0"},
				"up": {"uv": [1.25, 6.25, 1.95, 6.95], "texture": "#0"},
				"down": {"uv": [1.25, 6.25, 1.95, 6.95], "texture": "#0"}
			}
		},
		{
			"from": [-1.4, 2.725, 8.3],
			"to": [-0.2, 2.85, 8.7],
			"faces": {
				"north": {"uv": [1.25, 6.25, 1.95, 6.95], "texture": "#0"},
				"east": {"uv": [1.25, 6.25, 1.95, 6.95], "texture": "#0"},
				"south": {"uv": [1.25, 6.25, 1.95, 6.95], "texture": "#0"},
				"west": {"uv": [1.25, 6.25, 1.95, 6.95], "texture": "#0"},
				"up": {"uv": [1.25, 6.25, 1.95, 6.95], "texture": "#0"},
				"down": {"uv": [1.25, 6.25, 1.95, 6.95], "texture": "#0"}
			}
		},
		{
			"from": [-1.075, 2.55, 8.3],
			"to": [-0.575, 2.725, 8.7],
			"faces": {
				"north": {"uv": [9.25, 1.75, 9.75, 1.925], "texture": "#0"},
				"east": {"uv": [9.25, 1.75, 9.75, 1.925], "texture": "#0"},
				"south": {"uv": [9.25, 1.75, 9.75, 1.925], "texture": "#0"},
				"west": {"uv": [9.25, 1.75, 9.75, 1.925], "texture": "#0"},
				"up": {"uv": [9.25, 1.75, 9.75, 1.925], "texture": "#0"},
				"down": {"uv": [9.25, 1.75, 9.75, 1.925], "texture": "#0"}
			}
		},
		{
			"from": [-1.15, 2.375, 8.3],
			"to": [-0.65, 2.55, 8.7],
			"faces": {
				"north": {"uv": [9.25, 1.75, 9.75, 1.925], "texture": "#0"},
				"east": {"uv": [9.25, 1.75, 9.75, 1.925], "texture": "#0"},
				"south": {"uv": [9.25, 1.75, 9.75, 1.925], "texture": "#0"},
				"west": {"uv": [9.25, 1.75, 9.75, 1.925], "texture": "#0"},
				"up": {"uv": [9.25, 1.75, 9.75, 1.925], "texture": "#0"},
				"down": {"uv": [9.25, 1.75, 9.75, 1.925], "texture": "#0"}
			}
		},
		{
			"from": [-1.225, 2.2, 8.3],
			"to": [-0.725, 2.375, 8.7],
			"faces": {
				"north": {"uv": [9.25, 1.75, 9.75, 1.925], "texture": "#0"},
				"east": {"uv": [9.25, 1.75, 9.75, 1.925], "texture": "#0"},
				"south": {"uv": [9.25, 1.75, 9.75, 1.925], "texture": "#0"},
				"west": {"uv": [9.25, 1.75, 9.75, 1.925], "texture": "#0"},
				"up": {"uv": [9.25, 1.75, 9.75, 1.925], "texture": "#0"},
				"down": {"uv": [9.25, 1.75, 9.75, 1.925], "texture": "#0"}
			}
		},
		{
			"from": [-1.3, 2.025, 8.3],
			"to": [-0.8, 2.2, 8.7],
			"faces": {
				"north": {"uv": [9.25, 1.75, 9.75, 1.925], "texture": "#0"},
				"east": {"uv": [9.25, 1.75, 9.75, 1.925], "texture": "#0"},
				"south": {"uv": [9.25, 1.75, 9.75, 1.925], "texture": "#0"},
				"west": {"uv": [9.25, 1.75, 9.75, 1.925], "texture": "#0"},
				"up": {"uv": [9.25, 1.75, 9.75, 1.925], "texture": "#0"},
				"down": {"uv": [9.25, 1.75, 9.75, 1.925], "texture": "#0"}
			}
		},
		{
			"from": [-1.375, 1.15, 8.3],
			"to": [-0.875, 2.025, 8.7],
			"faces": {
				"north": {"uv": [9.25, 1.75, 9.75, 2.625], "texture": "#0"},
				"east": {"uv": [9.25, 1.75, 9.75, 2.625], "texture": "#0"},
				"south": {"uv": [9.25, 1.75, 9.75, 2.625], "texture": "#0"},
				"west": {"uv": [9.25, 1.75, 9.75, 2.625], "texture": "#0"},
				"up": {"uv": [9.25, 1.75, 9.75, 2.625], "texture": "#0"},
				"down": {"uv": [9.25, 1.75, 9.75, 2.625], "texture": "#0"}
			}
		},
		{
			"from": [-2.1725, 1.2335, 8.292],
			"to": [-1.3625, 1.7195, 8.703],
			"faces": {
				"north": {"uv": [13.75, 2, 14.56, 2.486], "texture": "#0"},
				"east": {"uv": [13.75, 2, 14.56, 2.486], "texture": "#0"},
				"south": {"uv": [13.75, 2, 14.56, 2.486], "texture": "#0"},
				"west": {"uv": [13.75, 2, 14.56, 2.486], "texture": "#0"},
				"up": {"uv": [13.75, 2, 14.56, 2.486], "texture": "#0"},
				"down": {"uv": [13.75, 2, 14.56, 2.486], "texture": "#0"}
			}
		},
		{
			"from": [-0.8525, 1.6385, 8.024],
			"to": [0.2195, 1.922, 8.996],
			"faces": {
				"north": {"uv": [13.5, 2, 14.572, 2.283], "texture": "#0"},
				"east": {"uv": [14.75, 1.75, 15.822, 2.722], "texture": "#0"},
				"south": {"uv": [14.75, 1.75, 15.822, 2.722], "texture": "#0"},
				"west": {"uv": [14.75, 1.75, 15.822, 2.722], "texture": "#0"},
				"up": {"uv": [14.75, 1.75, 15.822, 2.722], "texture": "#0"},
				"down": {"uv": [14.75, 1.75, 15.822, 2.722], "texture": "#0"}
			}
		},
		{
			"from": [0.6245, 1.6385, 8.024],
			"to": [0.8675, 1.922, 8.996],
			"faces": {
				"north": {"uv": [9.25, 2, 9.85, 2.325], "texture": "#0"},
				"east": {"uv": [9.25, 2, 10.222, 2.2835], "texture": "#0"},
				"south": {"uv": [9.25, 2, 9.85, 2.325], "texture": "#0"},
				"west": {"uv": [9.25, 2, 9.85, 2.325], "texture": "#0"},
				"up": {"uv": [9.25, 2, 9.85, 2.325], "texture": "#0"},
				"down": {"uv": [9.25, 2, 9.85, 2.325], "texture": "#0"}
			}
		},
		{
			"from": [0.584, 1.6385, 8.186],
			"to": [0.9485, 1.76, 8.834],
			"faces": {
				"north": {"uv": [9.25, 2, 9.85, 2.325], "texture": "#0"},
				"east": {"uv": [9.25, 2, 9.898, 2.1215], "texture": "#0"},
				"south": {"uv": [9.25, 2, 9.85, 2.325], "texture": "#0"},
				"west": {"uv": [9.25, 2, 9.85, 2.325], "texture": "#0"},
				"up": {"uv": [9.25, 2, 9.85, 2.325], "texture": "#0"},
				"down": {"uv": [9.25, 2, 9.85, 2.325], "texture": "#0"}
			}
		},
		{
			"from": [0.2195, 1.6385, 8.186],
			"to": [0.26, 1.76, 8.834],
			"faces": {
				"north": {"uv": [9.25, 2, 9.85, 2.325], "texture": "#0"},
				"east": {"uv": [9.25, 2, 9.898, 2.1215], "texture": "#0"},
				"south": {"uv": [9.25, 2, 9.85, 2.325], "texture": "#0"},
				"west": {"uv": [9.25, 2, 9.85, 2.325], "texture": "#0"},
				"up": {"uv": [9.25, 2, 9.85, 2.325], "texture": "#0"},
				"down": {"uv": [9.25, 2, 9.85, 2.325], "texture": "#0"}
			}
		},
		{
			"from": [-0.8525, 0.8285, 8.024],
			"to": [0.2195, 1.112, 8.996],
			"faces": {
				"north": {"uv": [13, 1.25, 14.072, 1.5335], "texture": "#0"},
				"east": {"uv": [13, 1.25, 14.072, 1.5335], "texture": "#0"},
				"south": {"uv": [13, 1.25, 14.072, 1.5335], "texture": "#0"},
				"west": {"uv": [13, 1.25, 14.072, 1.5335], "texture": "#0"},
				"up": {"uv": [13, 1.25, 14.072, 1.5335], "texture": "#0"},
				"down": {"uv": [13, 1.25, 14.072, 1.5335], "texture": "#0"}
			}
		},
		{
			"from": [0.6245, 0.8285, 8.024],
			"to": [0.8675, 1.112, 8.996],
			"faces": {
				"north": {"uv": [9.25, 2, 9.85, 2.325], "texture": "#0"},
				"east": {"uv": [9.25, 2, 10.222, 2.2835], "texture": "#0"},
				"south": {"uv": [9.25, 2, 9.85, 2.325], "texture": "#0"},
				"west": {"uv": [9.25, 2, 9.85, 2.325], "texture": "#0"},
				"up": {"uv": [9.25, 2, 9.85, 2.325], "texture": "#0"},
				"down": {"uv": [9.25, 2, 9.85, 2.325], "texture": "#0"}
			}
		},
		{
			"from": [0.584, 0.9905, 8.186],
			"to": [0.9485, 1.112, 8.834],
			"faces": {
				"north": {"uv": [9.25, 2, 9.85, 2.325], "texture": "#0"},
				"east": {"uv": [9.25, 2, 9.898, 2.1215], "texture": "#0"},
				"south": {"uv": [9.25, 2, 9.85, 2.325], "texture": "#0"},
				"west": {"uv": [9.25, 2, 9.85, 2.325], "texture": "#0"},
				"up": {"uv": [9.25, 2, 9.85, 2.325], "texture": "#0"},
				"down": {"uv": [9.25, 2, 9.85, 2.325], "texture": "#0"}
			}
		},
		{
			"from": [0.2195, 0.9905, 8.186],
			"to": [0.26, 1.112, 8.834],
			"faces": {
				"north": {"uv": [9.25, 2, 9.85, 2.325], "texture": "#0"},
				"east": {"uv": [9.25, 2, 9.898, 2.1215], "texture": "#0"},
				"south": {"uv": [9.25, 2, 9.85, 2.325], "texture": "#0"},
				"west": {"uv": [9.25, 2, 9.85, 2.325], "texture": "#0"},
				"up": {"uv": [9.25, 2, 9.85, 2.325], "texture": "#0"},
				"down": {"uv": [9.25, 2, 9.85, 2.325], "texture": "#0"}
			}
		},
		{
			"from": [-0.6525, 1.412, 7.162],
			"to": [-0.4805, 1.5385, 7.858],
			"faces": {
				"north": {"uv": [9.5, 1.75, 10.196, 1.8765], "texture": "#0"},
				"east": {"uv": [9.5, 1.75, 10.196, 1.8765], "texture": "#0"},
				"south": {"uv": [9.5, 1.75, 10.196, 1.8765], "texture": "#0"},
				"west": {"uv": [9.5, 1.75, 10.196, 1.8765], "texture": "#0"},
				"up": {"uv": [9.5, 1.75, 10.196, 1.8765], "texture": "#0"},
				"down": {"uv": [9.5, 1.75, 10.196, 1.8765], "texture": "#0"}
			}
		},
		{
			"from": [0.11265, 1.146, 6.86253],
			"to": [0.28465, 1.2725, 7.33353],
			"faces": {
				"north": {"uv": [9.5, 1.75, 9.971, 1.8765], "texture": "#0"},
				"east": {"uv": [9.5, 1.75, 9.971, 1.8765], "texture": "#0"},
				"south": {"uv": [9.5, 1.75, 9.971, 1.8765], "texture": "#0"},
				"west": {"uv": [9.5, 1.75, 9.971, 1.8765], "texture": "#0"},
				"up": {"uv": [9.5, 1.75, 9.971, 1.8765], "texture": "#0"},
				"down": {"uv": [9.5, 1.75, 9.971, 1.8765], "texture": "#0"}
			}
		},
		{
			"from": [4.74194, 4.94927, 7.1617],
			"to": [5.43794, 5.07577, 7.3337],
			"rotation": {"angle": -22.5, "axis": "z", "origin": [-6.76006, 16.43477, 4.4697]},
			"faces": {
				"north": {"uv": [9.5, 1.75, 9.672, 1.8765], "texture": "#0"},
				"east": {"uv": [9.5, 1.75, 9.672, 1.8765], "texture": "#0"},
				"south": {"uv": [9.5, 1.75, 9.672, 1.8765], "texture": "#0"},
				"west": {"uv": [9.5, 1.75, 9.672, 1.8765], "texture": "#0"},
				"up": {"uv": [9.5, 1.75, 9.672, 1.8765], "texture": "#0"},
				"down": {"uv": [9.5, 1.75, 9.672, 1.8765], "texture": "#0"}
			}
		},
		{
			"from": [-0.8525, 1.112, 7.862],
			"to": [0.2195, 1.6385, 9.158],
			"faces": {
				"north": {"uv": [13.5, 2, 14.572, 2.526], "texture": "#0"},
				"east": {"uv": [13.5, 2, 14.572, 2.526], "texture": "#0"},
				"south": {"uv": [13.5, 2, 14.572, 2.526], "texture": "#0"},
				"west": {"uv": [13.5, 2, 14.572, 2.526], "texture": "#0"},
				"up": {"uv": [13.5, 2, 14.572, 2.526], "texture": "#0"},
				"down": {"uv": [13.5, 2, 14.572, 2.526], "texture": "#0"}
			}
		},
		{
			"from": [-0.1045, 1.2335, 7.7405],
			"to": [0.1385, 1.517, 7.862],
			"faces": {
				"north": {"uv": [9.5, 1.75, 9.6215, 2.0335], "texture": "#0"},
				"east": {"uv": [9.5, 1.75, 9.6215, 2.0335], "texture": "#0"},
				"south": {"uv": [9.5, 1.75, 9.6215, 2.0335], "texture": "#0"},
				"west": {"uv": [9.5, 1.75, 9.6215, 2.0335], "texture": "#0"},
				"up": {"uv": [9.5, 1.75, 9.6215, 2.0335], "texture": "#0"},
				"down": {"uv": [9.5, 1.75, 9.6215, 2.0335], "texture": "#0"}
			}
		},
		{
			"from": [0.1385, 1.355, 7.7405],
			"to": [0.26, 2.3675, 7.862],
			"faces": {
				"north": {"uv": [9.5, 1.75, 9.6215, 2.7625], "texture": "#0"},
				"east": {"uv": [9.5, 1.75, 9.6215, 2.7625], "texture": "#0"},
				"south": {"uv": [9.5, 1.75, 9.6215, 2.7625], "texture": "#0"},
				"west": {"uv": [9.5, 1.75, 9.6215, 2.7625], "texture": "#0"},
				"up": {"uv": [9.5, 1.75, 9.6215, 2.7625], "texture": "#0"},
				"down": {"uv": [9.5, 1.75, 9.6215, 2.7625], "texture": "#0"}
			}
		},
		{
			"from": [0.72719, 1.35522, 9.16239],
			"to": [0.84869, 2.36772, 9.28389],
			"faces": {
				"north": {"uv": [9.5, 1.75, 9.6215, 2.7625], "texture": "#0"},
				"east": {"uv": [9.5, 1.75, 9.6215, 2.7625], "texture": "#0"},
				"south": {"uv": [9.5, 1.75, 9.6215, 2.7625], "texture": "#0"},
				"west": {"uv": [9.5, 1.75, 9.6215, 2.7625], "texture": "#0"},
				"up": {"uv": [9.5, 1.75, 9.6215, 2.7625], "texture": "#0"},
				"down": {"uv": [9.5, 1.75, 9.6215, 2.7625], "texture": "#0"}
			}
		},
		{
			"from": [5.25458, 2.24615, 8.10843],
			"to": [5.37608, 2.36765, 9.64743],
			"rotation": {"angle": 22.5, "axis": "y", "origin": [1.89308, 13.01915, 20.78493]},
			"faces": {
				"north": {"uv": [9.5, 1.75, 11.039, 1.8715], "texture": "#0"},
				"east": {"uv": [9.5, 1.75, 11.039, 1.8715], "texture": "#0"},
				"south": {"uv": [9.5, 1.75, 11.039, 1.8715], "texture": "#0"},
				"west": {"uv": [9.5, 1.75, 11.039, 1.8715], "texture": "#0"},
				"up": {"uv": [9.5, 1.75, 11.039, 1.8715], "texture": "#0"},
				"down": {"uv": [9.5, 1.75, 11.039, 1.8715], "texture": "#0"}
			}
		},
		{
			"from": [0.6245, 1.112, 8.162],
			"to": [0.8675, 1.6385, 9.458],
			"faces": {
				"north": {"uv": [9.5, 1.75, 10.796, 2.2765], "texture": "#0"},
				"east": {"uv": [9.5, 1.75, 10.796, 2.2765], "texture": "#0"},
				"south": {"uv": [9.5, 1.75, 10.796, 2.2765], "texture": "#0"},
				"west": {"uv": [9.5, 1.75, 10.796, 2.2765], "texture": "#0"},
				"up": {"uv": [9.5, 1.75, 10.796, 2.2765], "texture": "#0"},
				"down": {"uv": [9.5, 1.75, 10.796, 2.2765], "texture": "#0"}
			}
		},
		{
			"from": [0.584, 1.112, 8.024],
			"to": [0.9485, 1.6385, 8.996],
			"faces": {
				"north": {"uv": [9.25, 2, 9.85, 2.325], "texture": "#0"},
				"east": {"uv": [9.25, 2, 10.222, 2.5265], "texture": "#0"},
				"south": {"uv": [9.25, 2, 9.85, 2.325], "texture": "#0"},
				"west": {"uv": [9.25, 2, 9.85, 2.325], "texture": "#0"},
				"up": {"uv": [9.25, 2, 9.85, 2.325], "texture": "#0"},
				"down": {"uv": [9.25, 2, 9.85, 2.325], "texture": "#0"}
			}
		},
		{
			"from": [0.2195, 1.112, 8.024],
			"to": [0.26, 1.6385, 8.996],
			"faces": {
				"north": {"uv": [9.25, 2, 9.85, 2.325], "texture": "#0"},
				"east": {"uv": [9.25, 2, 10.222, 2.5265], "texture": "#0"},
				"south": {"uv": [9.25, 2, 9.85, 2.325], "texture": "#0"},
				"west": {"uv": [9.25, 2, 9.85, 2.325], "texture": "#0"},
				"up": {"uv": [9.25, 2, 9.85, 2.325], "texture": "#0"},
				"down": {"uv": [9.25, 2, 9.85, 2.325], "texture": "#0"}
			}
		},
		{
			"from": [0.2195, 1.1525, 8.2265],
			"to": [0.6245, 1.598, 8.7935],
			"faces": {
				"north": {"uv": [9.25, 2, 9.85, 2.325], "texture": "#0"},
				"east": {"uv": [9.25, 2, 9.817, 2.4455], "texture": "#0"},
				"south": {"uv": [9.25, 2, 9.85, 2.325], "texture": "#0"},
				"west": {"uv": [9.25, 2, 9.85, 2.325], "texture": "#0"},
				"up": {"uv": [9.25, 2, 9.85, 2.325], "texture": "#0"},
				"down": {"uv": [9.25, 2, 9.85, 2.325], "texture": "#0"}
			}
		},
		{
			"from": [1.7, 3.1, 8.1],
			"to": [7.7, 3.9, 8.9],
			"faces": {
				"north": {"uv": [8.25, 1.25, 11.9, 1.65], "texture": "#0"},
				"east": {"uv": [8.25, 1.25, 11.9, 1.65], "texture": "#0"},
				"south": {"uv": [8.25, 1.25, 11.9, 1.65], "texture": "#0"},
				"west": {"uv": [8.25, 1.25, 11.9, 1.65], "texture": "#0"},
				"up": {"uv": [8.25, 1.25, 11.9, 1.65], "texture": "#0"},
				"down": {"uv": [8.25, 1.25, 11.9, 1.65], "texture": "#0"}
			}
		},
		{
			"from": [7.4, 3, 8.075],
			"to": [7.6, 3.925, 8.925],
			"faces": {
				"north": {"uv": [13.5, 1.25, 14.2, 1.95], "texture": "#0"},
				"east": {"uv": [13.5, 1.25, 14.2, 1.95], "texture": "#0"},
				"south": {"uv": [13.5, 1.25, 14.2, 1.95], "texture": "#0"},
				"west": {"uv": [13.5, 1.25, 14.2, 1.95], "texture": "#0"},
				"up": {"uv": [13.5, 1.25, 14.2, 1.95], "texture": "#0"},
				"down": {"uv": [13.5, 1.25, 14.2, 1.95], "texture": "#0"}
			}
		},
		{
			"from": [14.3, 3.1, 8.175],
			"to": [14.5, 3.825, 8.825],
			"faces": {
				"north": {"uv": [13.5, 1.25, 14.2, 1.95], "texture": "#0"},
				"east": {"uv": [13.5, 1.25, 14.2, 1.95], "texture": "#0"},
				"south": {"uv": [13.5, 1.25, 14.2, 1.95], "texture": "#0"},
				"west": {"uv": [13.5, 1.25, 14.2, 1.95], "texture": "#0"},
				"up": {"uv": [13.5, 1.25, 14.2, 1.95], "texture": "#0"},
				"down": {"uv": [13.5, 1.25, 14.2, 1.95], "texture": "#0"}
			}
		},
		{
			"from": [21.5, 3.275, 8.275],
			"to": [21.7, 3.725, 8.725],
			"faces": {
				"north": {"uv": [13.5, 1.25, 14.2, 1.95], "texture": "#0"},
				"east": {"uv": [13.5, 1.25, 14.2, 1.95], "texture": "#0"},
				"south": {"uv": [13.5, 1.25, 14.2, 1.95], "texture": "#0"},
				"west": {"uv": [13.5, 1.25, 14.2, 1.95], "texture": "#0"},
				"up": {"uv": [13.5, 1.25, 14.2, 1.95], "texture": "#0"},
				"down": {"uv": [13.5, 1.25, 14.2, 1.95], "texture": "#0"}
			}
		},
		{
			"from": [7.4, 2.5, 8.825],
			"to": [7.6, 3, 8.925],
			"faces": {
				"north": {"uv": [13.5, 1.25, 14.2, 1.95], "texture": "#0"},
				"east": {"uv": [13.5, 1.25, 14.2, 1.95], "texture": "#0"},
				"south": {"uv": [13.5, 1.25, 14.2, 1.95], "texture": "#0"},
				"west": {"uv": [13.5, 1.25, 14.2, 1.95], "texture": "#0"},
				"up": {"uv": [13.5, 1.25, 14.2, 1.95], "texture": "#0"},
				"down": {"uv": [13.5, 1.25, 14.2, 1.95], "texture": "#0"}
			}
		},
		{
			"from": [14.3, 2.7, 8.725],
			"to": [14.5, 3.1, 8.825],
			"faces": {
				"north": {"uv": [13.5, 1.25, 14.2, 1.95], "texture": "#0"},
				"east": {"uv": [13.5, 1.25, 14.2, 1.95], "texture": "#0"},
				"south": {"uv": [13.5, 1.25, 14.2, 1.95], "texture": "#0"},
				"west": {"uv": [13.5, 1.25, 14.2, 1.95], "texture": "#0"},
				"up": {"uv": [13.5, 1.25, 14.2, 1.95], "texture": "#0"},
				"down": {"uv": [13.5, 1.25, 14.2, 1.95], "texture": "#0"}
			}
		},
		{
			"from": [21.5, 3, 8.625],
			"to": [21.7, 3.275, 8.725],
			"faces": {
				"north": {"uv": [13.5, 1.25, 14.2, 1.95], "texture": "#0"},
				"east": {"uv": [13.5, 1.25, 14.2, 1.95], "texture": "#0"},
				"south": {"uv": [13.5, 1.25, 14.2, 1.95], "texture": "#0"},
				"west": {"uv": [13.5, 1.25, 14.2, 1.95], "texture": "#0"},
				"up": {"uv": [13.5, 1.25, 14.2, 1.95], "texture": "#0"},
				"down": {"uv": [13.5, 1.25, 14.2, 1.95], "texture": "#0"}
			}
		},
		{
			"from": [7.4, 2.5, 8.075],
			"to": [7.6, 3, 8.175],
			"faces": {
				"north": {"uv": [13.5, 1.25, 14.2, 1.95], "texture": "#0"},
				"east": {"uv": [13.5, 1.25, 14.2, 1.95], "texture": "#0"},
				"south": {"uv": [13.5, 1.25, 14.2, 1.95], "texture": "#0"},
				"west": {"uv": [13.5, 1.25, 14.2, 1.95], "texture": "#0"},
				"up": {"uv": [13.5, 1.25, 14.2, 1.95], "texture": "#0"},
				"down": {"uv": [13.5, 1.25, 14.2, 1.95], "texture": "#0"}
			}
		},
		{
			"from": [14.3, 2.7, 8.175],
			"to": [14.5, 3.1, 8.275],
			"faces": {
				"north": {"uv": [13.5, 1.25, 14.2, 1.95], "texture": "#0"},
				"east": {"uv": [13.5, 1.25, 14.2, 1.95], "texture": "#0"},
				"south": {"uv": [13.5, 1.25, 14.2, 1.95], "texture": "#0"},
				"west": {"uv": [13.5, 1.25, 14.2, 1.95], "texture": "#0"},
				"up": {"uv": [13.5, 1.25, 14.2, 1.95], "texture": "#0"},
				"down": {"uv": [13.5, 1.25, 14.2, 1.95], "texture": "#0"}
			}
		},
		{
			"from": [21.5, 3, 8.275],
			"to": [21.7, 3.275, 8.375],
			"faces": {
				"north": {"uv": [13.5, 1.25, 14.2, 1.95], "texture": "#0"},
				"east": {"uv": [13.5, 1.25, 14.2, 1.95], "texture": "#0"},
				"south": {"uv": [13.5, 1.25, 14.2, 1.95], "texture": "#0"},
				"west": {"uv": [13.5, 1.25, 14.2, 1.95], "texture": "#0"},
				"up": {"uv": [13.5, 1.25, 14.2, 1.95], "texture": "#0"},
				"down": {"uv": [13.5, 1.25, 14.2, 1.95], "texture": "#0"}
			}
		},
		{
			"from": [7.4, 2.4, 8.175],
			"to": [7.6, 2.5, 8.825],
			"faces": {
				"north": {"uv": [13.5, 1.25, 14.2, 1.95], "texture": "#0"},
				"east": {"uv": [13.5, 1.25, 14.2, 1.95], "texture": "#0"},
				"south": {"uv": [13.5, 1.25, 14.2, 1.95], "texture": "#0"},
				"west": {"uv": [13.5, 1.25, 14.2, 1.95], "texture": "#0"},
				"up": {"uv": [13.5, 1.25, 14.2, 1.95], "texture": "#0"},
				"down": {"uv": [13.5, 1.25, 14.2, 1.95], "texture": "#0"}
			}
		},
		{
			"from": [14.3, 2.6, 8.275],
			"to": [14.5, 2.7, 8.725],
			"faces": {
				"north": {"uv": [13.5, 1.25, 14.2, 1.95], "texture": "#0"},
				"east": {"uv": [13.5, 1.25, 14.2, 1.95], "texture": "#0"},
				"south": {"uv": [13.5, 1.25, 14.2, 1.95], "texture": "#0"},
				"west": {"uv": [13.5, 1.25, 14.2, 1.95], "texture": "#0"},
				"up": {"uv": [13.5, 1.25, 14.2, 1.95], "texture": "#0"},
				"down": {"uv": [13.5, 1.25, 14.2, 1.95], "texture": "#0"}
			}
		},
		{
			"from": [21.5, 2.9, 8.375],
			"to": [21.7, 3, 8.625],
			"faces": {
				"north": {"uv": [13.5, 1.25, 14.2, 1.95], "texture": "#0"},
				"east": {"uv": [13.5, 1.25, 14.2, 1.95], "texture": "#0"},
				"south": {"uv": [13.5, 1.25, 14.2, 1.95], "texture": "#0"},
				"west": {"uv": [13.5, 1.25, 14.2, 1.95], "texture": "#0"},
				"up": {"uv": [13.5, 1.25, 14.2, 1.95], "texture": "#0"},
				"down": {"uv": [13.5, 1.25, 14.2, 1.95], "texture": "#0"}
			}
		},
		{
			"from": [7.7, 3.2, 8.2],
			"to": [14.6, 3.8, 8.8],
			"faces": {
				"north": {"uv": [8.25, 1.25, 11.9, 1.65], "texture": "#0"},
				"east": {"uv": [8.25, 1.25, 11.9, 1.65], "texture": "#0"},
				"south": {"uv": [8.25, 1.25, 11.9, 1.65], "texture": "#0"},
				"west": {"uv": [8.25, 1.25, 11.9, 1.65], "texture": "#0"},
				"up": {"uv": [8.25, 1.25, 11.9, 1.65], "texture": "#0"},
				"down": {"uv": [8.25, 1.25, 11.9, 1.65], "texture": "#0"}
			}
		},
		{
			"from": [14.4, 3.3, 8.3],
			"to": [21.8, 3.7, 8.7],
			"faces": {
				"north": {"uv": [8.25, 1.5, 10.9, 1.65], "texture": "#0"},
				"east": {"uv": [8.75, 1.5, 9.15, 1.9], "texture": "#0"},
				"south": {"uv": [8.25, 1.5, 10.9, 1.65], "texture": "#0"},
				"west": {"uv": [8.25, 1.5, 10.9, 1.65], "texture": "#0"},
				"up": {"uv": [8.25, 1.5, 10.9, 1.65], "texture": "#0"},
				"down": {"uv": [8.25, 1.5, 10.9, 1.65], "texture": "#0"}
			}
		},
		{
			"from": [-8, 2.9, 7.9],
			"to": [-2.2, 4.1, 9.1],
			"faces": {
				"north": {"uv": [0, 6, 3.65, 6.4], "texture": "#0"},
				"east": {"uv": [0, 6, 3.65, 6.4], "texture": "#0"},
				"south": {"uv": [0, 6, 3.65, 6.4], "texture": "#0"},
				"west": {"uv": [0, 6, 3.65, 6.4], "texture": "#0"},
				"up": {"uv": [0, 6, 3.65, 6.4], "texture": "#0"},
				"down": {"uv": [0, 6, 3.65, 6.4], "texture": "#0"}
			}
		},
		{
			"from": [-9.3, 2.9, 7.9],
			"to": [-8.9, 4.1, 9.1],
			"faces": {
				"north": {"uv": [1.5, 6.5, 1.9, 7.7], "texture": "#0"},
				"east": {"uv": [1.5, 6.5, 1.9, 7.7], "texture": "#0"},
				"south": {"uv": [1.5, 6.5, 1.9, 7.7], "texture": "#0"},
				"west": {"uv": [1.25, 6.25, 2.45, 7.45], "texture": "#0"},
				"up": {"uv": [1.5, 6.5, 1.9, 7.7], "texture": "#0"},
				"down": {"uv": [1.5, 6.5, 1.9, 7.7], "texture": "#0"}
			}
		}
	],
	"display": {
		"thirdperson_righthand": {
			"rotation": [-167.75, 83, -86],
			"translation": [0.5, 9.5, 8.5]
		},
		"thirdperson_lefthand": {
			"rotation": [95, -92, 0],
			"translation": [0, 11.5, 6.75]
		},
		"firstperson_righthand": {
			"rotation": [0, 89, 45],
			"translation": [5.25, 10, -5.75]
		},
		"ground": {
			"translation": [0, 3.75, 0]
		},
		"gui": {
			"rotation": [0, 0, 42],
			"translation": [-1, 3, 0],
			"scale": [0.66, 0.66, 0.55]
		},
		"fixed": {
			"translation": [0, 0.5, -2.25]
		}
	}
}