{
	"credit": "NZ",
	"textures": {
		"0": "blocks/tools",
		"particle": "blocks/tools"
	},
	"elements": [
		{
			"from": [6, 0, 5],
			"to": [9, 0.1, 9],
			"faces": {
				"north": {"uv": [4.5, 1, 7.5, 1.1], "texture": "#0"},
				"east": {"uv": [4, 1.5, 8, 1.6], "texture": "#0"},
				"south": {"uv": [4.5, 1, 7.5, 1.1], "texture": "#0"},
				"west": {"uv": [4, 1, 8, 1.1], "texture": "#0"},
				"up": {"uv": [4.25, 0, 7.25, 4], "texture": "#0"},
				"down": {"uv": [4.25, 0, 7.25, 4], "texture": "#0"}
			}
		},
		{
			"from": [5.975, 0.1, 5.1],
			"to": [6, 0.9, 8.9],
			"faces": {
				"north": {"uv": [10, 1.25, 10.025, 2.05], "texture": "#0"},
				"east": {"uv": [0, 0, 3.8, 0.8], "texture": "#missing"},
				"south": {"uv": [10, 1.25, 10.025, 2.05], "texture": "#0"},
				"west": {"uv": [8, 1.25, 11.8, 2.05], "texture": "#0"},
				"up": {"uv": [9.5, 0, 9.525, 3.8], "texture": "#0"},
				"down": {"uv": [9.5, 0, 9.525, 3.8], "texture": "#0"}
			}
		},
		{
			"from": [9, 0.1, 5.1],
			"to": [9.025, 0.9, 8.9],
			"faces": {
				"north": {"uv": [10.75, 2.25, 10.775, 3.05], "texture": "#0"},
				"east": {"uv": [8, 1.25, 11.8, 2.05], "texture": "#0"},
				"south": {"uv": [10.75, 2.25, 10.775, 3.05], "texture": "#0"},
				"west": {"uv": [0, 0, 3.8, 0.8], "texture": "#missing"},
				"up": {"uv": [9.5, 0, 9.525, 3.8], "texture": "#0"},
				"down": {"uv": [9.5, 0, 9.525, 3.8], "texture": "#0"}
			}
		},
		{
			"from": [6, 0.9, 5],
			"to": [9, 1, 9],
			"faces": {
				"north": {"uv": [4.5, 1, 7.5, 1.1], "texture": "#0"},
				"east": {"uv": [4, 1.75, 8, 1.85], "texture": "#0"},
				"south": {"uv": [4.5, 1, 7.5, 1.1], "texture": "#0"},
				"west": {"uv": [4, 1.5, 8, 1.6], "texture": "#0"},
				"up": {"uv": [4.25, 0, 7.25, 4], "texture": "#0"},
				"down": {"uv": [4.25, 0, 7.25, 4], "texture": "#0"}
			}
		},
		{
			"from": [8.9, 0.1, 5],
			"to": [9, 0.9, 9],
			"faces": {
				"north": {"uv": [5.75, 1.25, 5.85, 2.05], "texture": "#0"},
				"east": {"uv": [4, 0.75, 8, 1.55], "texture": "#0"},
				"south": {"uv": [6, 2, 6.1, 2.8], "texture": "#0"},
				"west": {"uv": [4, 0, 8, 0.8], "texture": "#0"},
				"up": {"uv": [0, 0, 0.1, 4], "texture": "#missing"},
				"down": {"uv": [0, 0, 0.1, 4], "texture": "#missing"}
			}
		},
		{
			"from": [6, 0.1, 5],
			"to": [6.1, 0.9, 9],
			"faces": {
				"north": {"uv": [5.75, 1.25, 5.85, 2.05], "texture": "#0"},
				"east": {"uv": [4, 0, 8, 0.8], "texture": "#0"},
				"south": {"uv": [6, 2, 6.1, 2.8], "texture": "#0"},
				"west": {"uv": [4, 0, 8, 0.8], "texture": "#0"},
				"up": {"uv": [0, 0, 0.1, 4], "texture": "#missing"},
				"down": {"uv": [0, 0, 0.1, 4], "texture": "#missing"}
			}
		},
		{
			"from": [6.1, 0.1, 7.9],
			"to": [8.9, 0.9, 8],
			"faces": {
				"north": {"uv": [0, 0, 2.8, 0.8], "texture": "#missing"},
				"east": {"uv": [0, 0, 0.1, 0.8], "texture": "#missing"},
				"south": {"uv": [4.5, 0.75, 7.3, 1.55], "texture": "#0"},
				"west": {"uv": [0, 0, 0.1, 0.8], "texture": "#missing"},
				"up": {"uv": [0, 0, 2.8, 0.1], "texture": "#missing"},
				"down": {"uv": [0, 0, 2.8, 0.1], "texture": "#missing"}
			}
		},
		{
			"from": [8.8, 0.1, 4],
			"to": [8.9, 0.9, 7.9],
			"faces": {
				"north": {"uv": [6, 1, 6.1, 1.8], "texture": "#0"},
				"east": {"uv": [4, 1.5, 7.9, 2.3], "texture": "#0"},
				"south": {"uv": [0, 0, 0.1, 0.8], "texture": "#missing"},
				"west": {"uv": [4, 0.5, 7.9, 1.3], "texture": "#0"},
				"up": {"uv": [5.75, 0, 5.85, 3.9], "texture": "#0"},
				"down": {"uv": [6, 0, 6.1, 3.9], "texture": "#0"}
			}
		},
		{
			"from": [6.1, 0.1, 4],
			"to": [6.2, 0.9, 7.9],
			"faces": {
				"north": {"uv": [6, 1.75, 6.1, 2.55], "texture": "#0"},
				"east": {"uv": [4, 0, 7.9, 0.8], "texture": "#0"},
				"south": {"uv": [0, 0, 0.1, 0.8], "texture": "#missing"},
				"west": {"uv": [4, 0.5, 7.9, 1.3], "texture": "#0"},
				"up": {"uv": [5.75, 0, 5.85, 3.9], "texture": "#0"},
				"down": {"uv": [6, 0, 6.1, 3.9], "texture": "#0"}
			}
		},
		{
			"from": [6.2, 0.1, 4],
			"to": [8.8, 0.2, 7.9],
			"faces": {
				"north": {"uv": [4.5, 2.25, 7.1, 2.35], "texture": "#0"},
				"east": {"uv": [0, 0, 3.9, 0.1], "texture": "#missing"},
				"south": {"uv": [0, 0, 2.6, 0.1], "texture": "#missing"},
				"west": {"uv": [0, 0, 3.9, 0.1], "texture": "#missing"},
				"up": {"uv": [1, 4, 3.6, 7.9], "texture": "#0"},
				"down": {"uv": [4.75, 0, 7.35, 3.9], "texture": "#0"}
			}
		},
		{
			"from": [6.2, 0.2, 4],
			"to": [8.8, 0.9, 4.1],
			"faces": {
				"north": {"uv": [4.75, 1.5, 7.35, 2.2], "texture": "#0"},
				"east": {"uv": [0, 0, 0.1, 0.7], "texture": "#missing"},
				"south": {"uv": [4.75, 1.25, 7.35, 1.95], "texture": "#0"},
				"west": {"uv": [0, 0, 0.1, 0.7], "texture": "#missing"},
				"up": {"uv": [5, 0.5, 7.6, 0.6], "texture": "#0"},
				"down": {"uv": [0, 0, 2.6, 0.1], "texture": "#missing"}
			}
		},
		{
			"from": [8.55, 0.45, 3.875],
			"to": [8.8, 0.675, 4.15],
			"rotation": {"angle": 22.5, "axis": "y", "origin": [9, 8, 7]},
			"faces": {
				"north": {"uv": [9.25, 1.5, 9.525, 1.725], "texture": "#0"},
				"east": {"uv": [9.25, 1.5, 9.525, 1.725], "texture": "#0"},
				"south": {"uv": [9.25, 1.5, 9.525, 1.725], "texture": "#0"},
				"west": {"uv": [9.25, 1.5, 9.525, 1.725], "texture": "#0"},
				"up": {"uv": [9.25, 1.5, 9.525, 1.725], "texture": "#0"},
				"down": {"uv": [9.25, 1.5, 9.525, 1.725], "texture": "#0"}
			}
		},
		{
			"from": [8.575, 0.475, 3.9],
			"to": [8.775, 0.65, 7.3],
			"rotation": {"angle": 22.5, "axis": "y", "origin": [9, 8, 7]},
			"faces": {
				"north": {"uv": [0, 0, 0.2, 0.175], "texture": "#missing"},
				"east": {"uv": [0.25, 1.25, 3.65, 1.425], "texture": "#0"},
				"south": {"uv": [0, 0, 0.2, 0.175], "texture": "#missing"},
				"west": {"uv": [0.25, 1.25, 3.65, 1.425], "texture": "#0"},
				"up": {"uv": [0.75, 0.25, 0.95, 3.65], "texture": "#0"},
				"down": {"uv": [0, 0, 0.2, 3.4], "texture": "#missing"}
			}
		},
		{
			"from": [6.275, 0.175, 4.275],
			"to": [6.525, 0.4, 4.55],
			"faces": {
				"north": {"uv": [9.25, 1.5, 9.525, 1.725], "texture": "#0"},
				"east": {"uv": [9.25, 1.5, 9.525, 1.725], "texture": "#0"},
				"south": {"uv": [9.25, 1.5, 9.525, 1.725], "texture": "#0"},
				"west": {"uv": [9.25, 1.5, 9.525, 1.725], "texture": "#0"},
				"up": {"uv": [9.25, 1.5, 9.525, 1.725], "texture": "#0"},
				"down": {"uv": [9.25, 1.5, 9.525, 1.725], "texture": "#0"}
			}
		},
		{
			"from": [6.3, 0.2, 4.3],
			"to": [6.5, 0.375, 7.7],
			"faces": {
				"north": {"uv": [0, 0, 0.2, 0.175], "texture": "#missing"},
				"east": {"uv": [0, 0.75, 3.4, 0.925], "texture": "#0"},
				"south": {"uv": [0, 0, 0.2, 0.175], "texture": "#missing"},
				"west": {"uv": [0, 0, 3.4, 0.175], "texture": "#missing"},
				"up": {"uv": [0.75, 0.25, 0.95, 3.65], "texture": "#0"},
				"down": {"uv": [0, 0, 0.2, 3.4], "texture": "#missing"}
			}
		},
		{
			"from": [6.6, 0.2, 4.3],
			"to": [6.8, 0.375, 7.7],
			"faces": {
				"north": {"uv": [0, 0, 0.2, 0.175], "texture": "#missing"},
				"east": {"uv": [0.25, 1.25, 3.65, 1.425], "texture": "#0"},
				"south": {"uv": [0, 0, 0.2, 0.175], "texture": "#missing"},
				"west": {"uv": [0.25, 1.25, 3.65, 1.425], "texture": "#0"},
				"up": {"uv": [0.75, 0.25, 0.95, 3.65], "texture": "#0"},
				"down": {"uv": [0, 0, 0.2, 3.4], "texture": "#missing"}
			}
		},
		{
			"from": [6.575, 0.175, 4.275],
			"to": [6.825, 0.4, 4.55],
			"faces": {
				"north": {"uv": [9.25, 1.5, 9.525, 1.725], "texture": "#0"},
				"east": {"uv": [9.25, 1.5, 9.525, 1.725], "texture": "#0"},
				"south": {"uv": [9.25, 1.5, 9.525, 1.725], "texture": "#0"},
				"west": {"uv": [9.25, 1.5, 9.525, 1.725], "texture": "#0"},
				"up": {"uv": [9.25, 1.5, 9.525, 1.725], "texture": "#0"},
				"down": {"uv": [9.25, 1.5, 9.525, 1.725], "texture": "#0"}
			}
		},
		{
			"from": [6.9, 0.2, 4.3],
			"to": [7.1, 0.375, 7.7],
			"faces": {
				"north": {"uv": [0, 0, 0.2, 0.175], "texture": "#missing"},
				"east": {"uv": [0.25, 1.25, 3.65, 1.425], "texture": "#0"},
				"south": {"uv": [0, 0, 0.2, 0.175], "texture": "#missing"},
				"west": {"uv": [0.25, 1.25, 3.65, 1.425], "texture": "#0"},
				"up": {"uv": [0.75, 0.25, 0.95, 3.65], "texture": "#0"},
				"down": {"uv": [0, 0, 0.2, 3.4], "texture": "#missing"}
			}
		},
		{
			"from": [6.875, 0.175, 4.275],
			"to": [7.125, 0.4, 4.55],
			"faces": {
				"north": {"uv": [9.25, 1.5, 9.525, 1.725], "texture": "#0"},
				"east": {"uv": [9.25, 1.5, 9.525, 1.725], "texture": "#0"},
				"south": {"uv": [9.25, 1.5, 9.525, 1.725], "texture": "#0"},
				"west": {"uv": [9.25, 1.5, 9.525, 1.725], "texture": "#0"},
				"up": {"uv": [9.25, 1.5, 9.525, 1.725], "texture": "#0"},
				"down": {"uv": [9.25, 1.5, 9.525, 1.725], "texture": "#0"}
			}
		},
		{
			"from": [7.175, 0.175, 4.275],
			"to": [7.425, 0.4, 4.55],
			"faces": {
				"north": {"uv": [9.25, 1.5, 9.525, 1.725], "texture": "#0"},
				"east": {"uv": [9.25, 1.5, 9.525, 1.725], "texture": "#0"},
				"south": {"uv": [9.25, 1.5, 9.525, 1.725], "texture": "#0"},
				"west": {"uv": [9.25, 1.5, 9.525, 1.725], "texture": "#0"},
				"up": {"uv": [9.25, 1.5, 9.525, 1.725], "texture": "#0"},
				"down": {"uv": [9.25, 1.5, 9.525, 1.725], "texture": "#0"}
			}
		},
		{
			"from": [7.2, 0.2, 4.3],
			"to": [7.4, 0.375, 7.7],
			"faces": {
				"north": {"uv": [0, 0, 0.2, 0.175], "texture": "#missing"},
				"east": {"uv": [0.25, 1.25, 3.65, 1.425], "texture": "#0"},
				"south": {"uv": [0, 0, 0.2, 0.175], "texture": "#missing"},
				"west": {"uv": [0.25, 1.25, 3.65, 1.425], "texture": "#0"},
				"up": {"uv": [0.75, 0.25, 0.95, 3.65], "texture": "#0"},
				"down": {"uv": [0, 0, 0.2, 3.4], "texture": "#missing"}
			}
		},
		{
			"from": [7.475, 0.175, 4.275],
			"to": [7.725, 0.4, 4.55],
			"faces": {
				"north": {"uv": [9.25, 1.5, 9.525, 1.725], "texture": "#0"},
				"east": {"uv": [9.25, 1.5, 9.525, 1.725], "texture": "#0"},
				"south": {"uv": [9.25, 1.5, 9.525, 1.725], "texture": "#0"},
				"west": {"uv": [9.25, 1.5, 9.525, 1.725], "texture": "#0"},
				"up": {"uv": [9.25, 1.5, 9.525, 1.725], "texture": "#0"},
				"down": {"uv": [9.25, 1.5, 9.525, 1.725], "texture": "#0"}
			}
		},
		{
			"from": [7.5, 0.2, 4.3],
			"to": [7.7, 0.375, 7.7],
			"faces": {
				"north": {"uv": [0, 0, 0.2, 0.175], "texture": "#missing"},
				"east": {"uv": [0.25, 1.25, 3.65, 1.425], "texture": "#0"},
				"south": {"uv": [0, 0, 0.2, 0.175], "texture": "#missing"},
				"west": {"uv": [0.25, 1.25, 3.65, 1.425], "texture": "#0"},
				"up": {"uv": [0.75, 0.25, 0.95, 3.65], "texture": "#0"},
				"down": {"uv": [0, 0, 0.2, 3.4], "texture": "#missing"}
			}
		},
		{
			"from": [7.775, 0.175, 4.275],
			"to": [8.025, 0.4, 4.55],
			"faces": {
				"north": {"uv": [9.25, 1.5, 9.525, 1.725], "texture": "#0"},
				"east": {"uv": [9.25, 1.5, 9.525, 1.725], "texture": "#0"},
				"south": {"uv": [9.25, 1.5, 9.525, 1.725], "texture": "#0"},
				"west": {"uv": [9.25, 1.5, 9.525, 1.725], "texture": "#0"},
				"up": {"uv": [9.25, 1.5, 9.525, 1.725], "texture": "#0"},
				"down": {"uv": [9.25, 1.5, 9.525, 1.725], "texture": "#0"}
			}
		},
		{
			"from": [7.8, 0.2, 4.3],
			"to": [8, 0.375, 7.7],
			"faces": {
				"north": {"uv": [0, 0, 0.2, 0.175], "texture": "#missing"},
				"east": {"uv": [0.25, 1.25, 3.65, 1.425], "texture": "#0"},
				"south": {"uv": [0, 0, 0.2, 0.175], "texture": "#missing"},
				"west": {"uv": [0.25, 1.25, 3.65, 1.425], "texture": "#0"},
				"up": {"uv": [0.75, 0.25, 0.95, 3.65], "texture": "#0"},
				"down": {"uv": [0, 0, 0.2, 3.4], "texture": "#missing"}
			}
		},
		{
			"from": [8.075, 0.175, 4.275],
			"to": [8.325, 0.4, 4.55],
			"faces": {
				"north": {"uv": [9.25, 1.5, 9.525, 1.725], "texture": "#0"},
				"east": {"uv": [9.25, 1.5, 9.525, 1.725], "texture": "#0"},
				"south": {"uv": [9.25, 1.5, 9.525, 1.725], "texture": "#0"},
				"west": {"uv": [9.25, 1.5, 9.525, 1.725], "texture": "#0"},
				"up": {"uv": [9.25, 1.5, 9.525, 1.725], "texture": "#0"},
				"down": {"uv": [9.25, 1.5, 9.525, 1.725], "texture": "#0"}
			}
		},
		{
			"from": [8.1, 0.2, 4.3],
			"to": [8.3, 0.375, 7.7],
			"faces": {
				"north": {"uv": [0, 0, 0.2, 0.175], "texture": "#missing"},
				"east": {"uv": [0.25, 1.25, 3.65, 1.425], "texture": "#0"},
				"south": {"uv": [0, 0, 0.2, 0.175], "texture": "#missing"},
				"west": {"uv": [0.25, 1.25, 3.65, 1.425], "texture": "#0"},
				"up": {"uv": [0.75, 0.25, 0.95, 3.65], "texture": "#0"},
				"down": {"uv": [0, 0, 0.2, 3.4], "texture": "#missing"}
			}
		},
		{
			"from": [8.375, 0.175, 4.275],
			"to": [8.625, 0.4, 4.55],
			"faces": {
				"north": {"uv": [9.25, 1.5, 9.525, 1.725], "texture": "#0"},
				"east": {"uv": [9.25, 1.5, 9.525, 1.725], "texture": "#0"},
				"south": {"uv": [9.25, 1.5, 9.525, 1.725], "texture": "#0"},
				"west": {"uv": [9.25, 1.5, 9.525, 1.725], "texture": "#0"},
				"up": {"uv": [9.25, 1.5, 9.525, 1.725], "texture": "#0"},
				"down": {"uv": [9.25, 1.5, 9.525, 1.725], "texture": "#0"}
			}
		},
		{
			"from": [8.4, 0.2, 4.3],
			"to": [8.6, 0.375, 7.7],
			"faces": {
				"north": {"uv": [0, 0, 0.2, 0.175], "texture": "#missing"},
				"east": {"uv": [0.25, 1.25, 3.65, 1.425], "texture": "#0"},
				"south": {"uv": [0, 0, 0.2, 0.175], "texture": "#missing"},
				"west": {"uv": [0.25, 1.25, 3.65, 1.425], "texture": "#0"},
				"up": {"uv": [0.75, 0.25, 0.95, 3.65], "texture": "#0"},
				"down": {"uv": [0, 0, 0.2, 3.4], "texture": "#missing"}
			}
		},
		{
			"from": [6.1, 1, 5.1],
			"to": [8.9, 1.025, 8.9],
			"faces": {
				"north": {"uv": [4.5, 6, 7.3, 6.025], "texture": "#0"},
				"east": {"uv": [4, 6, 7.8, 6.025], "texture": "#0"},
				"south": {"uv": [4.5, 6, 7.3, 6.025], "texture": "#0"},
				"west": {"uv": [4, 6, 7.8, 6.025], "texture": "#0"},
				"up": {"uv": [4.25, 4, 7.05, 7.8], "texture": "#0"},
				"down": {"uv": [0, 0, 2.8, 3.8], "texture": "#missing"}
			}
		},
		{
			"from": [6.1, 1.025, 7.1],
			"to": [8.9, 1.05, 8.9],
			"faces": {
				"north": {"uv": [12.5, 2, 15.3, 2.025], "texture": "#0"},
				"east": {"uv": [12.5, 2, 15.3, 2.025], "texture": "#0"},
				"south": {"uv": [12.5, 2, 15.3, 2.025], "texture": "#0"},
				"west": {"uv": [0, 0, 3.8, 0.025], "texture": "#missing"},
				"up": {"uv": [12.5, 0.75, 15.3, 2.55], "texture": "#0"},
				"down": {"uv": [0, 0, 2.8, 3.8], "texture": "#missing"}
			}
		}
	],
	"display": {
		"thirdperson_righthand": {
			"rotation": [106, 0, 0],
			"translation": [0, -1, 6],
			"scale": [0.71, 0.71, 0.71]
		},
		"thirdperson_lefthand": {
			"rotation": [105, 11, 1],
			"translation": [-1.25, -1, 6],
			"scale": [0.71, 0.71, 0.71]
		},
		"firstperson_righthand": {
			"rotation": [46, 4, 17],
			"translation": [-2.25, 8.25, 9.25]
		},
		"ground": {
			"translation": [0, 4, 0]
		},
		"gui": {
			"rotation": [90, 0, 0],
			"translation": [1, -4.5, 0],
			"scale": [3, 1, 3]
		}
	},
	"groups": [0, 1, 2, 3, 4, 5, 6, 7, 8, 9, 10,
		{
			"name": "group",
			"children": [11, 12]
		},
		{
			"name": "group2",
			"children": [13, 14, 15, 16, 17, 18, 19, 20, 21, 22, 23, 24, 25, 26, 27, 28]
		}, 29, 30]
}