{
	"credit": "NZ",
	"textures": {
		"0": "blocks/tools",
		"particle": "blocks/tools"
	},
	"elements": [
		{
			"from": [6.15, 4.3, 8.175],
			"to": [8.85, 4.7, 8.725],
			"faces": {
				"north": {"uv": [12.25, 1.75, 14.95, 2.3], "texture": "#0"},
				"east": {"uv": [13.75, 1.5, 14.3, 2], "texture": "#0"},
				"south": {"uv": [13.25, 1.25, 15.95, 1.75], "texture": "#0"},
				"west": {"uv": [13, 2, 13.55, 2.5], "texture": "#0"},
				"up": {"uv": [12.25, 1.75, 14.95, 2.3], "texture": "#0"},
				"down": {"uv": [13, 1.5, 15.7, 2.05], "texture": "#0"}
			}
		},
		{
			"from": [6.15, 4.2, 8.275],
			"to": [8.85, 4.8, 8.625],
			"faces": {
				"north": {"uv": [12.25, 1.75, 14.95, 2.3], "texture": "#0"},
				"east": {"uv": [13.75, 1.5, 14.3, 2], "texture": "#0"},
				"south": {"uv": [13.25, 1.25, 15.95, 1.75], "texture": "#0"},
				"west": {"uv": [13, 2, 13.55, 2.5], "texture": "#0"},
				"up": {"uv": [12.25, 1.75, 14.95, 2.3], "texture": "#0"},
				"down": {"uv": [13, 1.5, 15.7, 2.05], "texture": "#0"}
			}
		},
		{
			"from": [6.05, 4.3, 8.275],
			"to": [8.95, 4.7, 8.625],
			"faces": {
				"north": {"uv": [12.25, 1.75, 14.95, 2.3], "texture": "#0"},
				"east": {"uv": [13.75, 1.5, 14.3, 2], "texture": "#0"},
				"south": {"uv": [13.25, 1.25, 15.95, 1.75], "texture": "#0"},
				"west": {"uv": [8.5, 1.75, 8.85, 2.15], "texture": "#0"},
				"up": {"uv": [12.25, 1.75, 14.95, 2.3], "texture": "#0"},
				"down": {"uv": [13, 1.5, 15.7, 2.05], "texture": "#0"}
			}
		},
		{
			"from": [7.225, 1.5, 8.2],
			"to": [7.825, 4.3, 8.7],
			"faces": {
				"north": {"uv": [9.25, 0, 10.05, 3.85], "texture": "#0"},
				"east": {"uv": [9.25, 0, 10.05, 3.85], "texture": "#0"},
				"south": {"uv": [8.5, 0, 9.3, 3.85], "texture": "#0"},
				"west": {"uv": [10.5, 0, 11.3, 3.85], "texture": "#0"},
				"up": {"uv": [9.25, 0, 10.05, 3.85], "texture": "#0"},
				"down": {"uv": [9, 1.5, 9.8, 2.2], "texture": "#0"}
			}
		},
		{
			"from": [6.975, 4.7, 8.3],
			"to": [8.075, 6.8, 8.6],
			"faces": {
				"north": {"uv": [14.75, 0.75, 16, 2.85], "texture": "#0"},
				"east": {"uv": [13.25, 0.5, 13.55, 2.6], "texture": "#0"},
				"south": {"uv": [13, 1.25, 14.3, 3.35], "texture": "#0"},
				"west": {"uv": [13.25, 0.5, 13.55, 2.6], "texture": "#0"},
				"up": {"uv": [14, 1.75, 15.3, 2.05], "texture": "#0"},
				"down": {"uv": [9, 1.5, 9.8, 2.2], "texture": "#0"}
			}
		},
		{
			"from": [7.075, 6.8, 8.3],
			"to": [7.975, 8.9, 8.6],
			"faces": {
				"north": {"uv": [13.75, 0.5, 14.85, 2.6], "texture": "#0"},
				"east": {"uv": [13.25, 0.5, 13.55, 2.6], "texture": "#0"},
				"south": {"uv": [13.75, 0.5, 14.85, 2.6], "texture": "#0"},
				"west": {"uv": [13.25, 0.5, 13.55, 2.6], "texture": "#0"},
				"up": {"uv": [14, 1.75, 15.3, 2.05], "texture": "#0"},
				"down": {"uv": [9, 1.5, 9.8, 2.2], "texture": "#0"}
			}
		},
		{
			"from": [7.175, 8.9, 8.325],
			"to": [7.875, 11, 8.575],
			"faces": {
				"north": {"uv": [14.75, 0.75, 16, 2.85], "texture": "#0"},
				"east": {"uv": [13.25, 0.5, 13.55, 2.6], "texture": "#0"},
				"south": {"uv": [13, 1.25, 14.3, 3.35], "texture": "#0"},
				"west": {"uv": [13.25, 0.5, 13.55, 2.6], "texture": "#0"},
				"up": {"uv": [14, 1.75, 15.3, 2.05], "texture": "#0"},
				"down": {"uv": [9, 1.5, 9.8, 2.2], "texture": "#0"}
			}
		},
		{
			"from": [7.275, 11, 8.375],
			"to": [7.775, 12.1, 8.525],
			"faces": {
				"north": {"uv": [14.75, 0.75, 16, 2.85], "texture": "#0"},
				"east": {"uv": [13.25, 0.5, 13.55, 2.6], "texture": "#0"},
				"south": {"uv": [13, 1.25, 14.3, 3.35], "texture": "#0"},
				"west": {"uv": [13.25, 0.5, 13.55, 2.6], "texture": "#0"},
				"up": {"uv": [14, 1.75, 15.3, 2.05], "texture": "#0"},
				"down": {"uv": [9, 1.5, 9.8, 2.2], "texture": "#0"}
			}
		},
		{
			"from": [7.375, 12.1, 8.425],
			"to": [7.675, 13.2, 8.475],
			"faces": {
				"north": {"uv": [14.75, 0.75, 16, 2.85], "texture": "#0"},
				"east": {"uv": [13.25, 0.5, 13.55, 2.6], "texture": "#0"},
				"south": {"uv": [13, 1.25, 14.3, 3.35], "texture": "#0"},
				"west": {"uv": [13.25, 0.5, 13.55, 2.6], "texture": "#0"},
				"up": {"uv": [14, 1.75, 15.3, 2.05], "texture": "#0"},
				"down": {"uv": [9, 1.5, 9.8, 2.2], "texture": "#0"}
			}
		}
	],
	"display": {
		"thirdperson_righthand": {
			"rotation": [0, 90, 0],
			"translation": [-1, 6, 0.5],
			"scale": [1.5, 1.5, 1.5]
		},
		"thirdperson_lefthand": {
			"rotation": [0, 90, 0],
			"translation": [-1.5, 6, 1.75],
			"scale": [1.5, 1.5, 1.5]
		},
		"firstperson_righthand": {
			"rotation": [-3, 98, -4],
			"translation": [4, 7.75, -3],
			"scale": [2, 2, 2]
		},
		"firstperson_lefthand": {
			"rotation": [3, 95, -8],
			"translation": [1, 9.75, 1.75],
			"scale": [1.5, 1.5, 1.5]
		},
		"ground": {
			"rotation": [91, 0, 0],
			"translation": [0, -3.25, 1.25]
		},
		"gui": {
			"rotation": [0, 0, 44],
			"translation": [0, 1.25, 0],
			"scale": [1.5, 1.5, 1.5]
		}
	}
}