{
	"credit": "NZ",
	"textures": {
		"0": "blocks/tools",
		"particle": "blocks/tools"
	},
	"elements": [
		{
			"from": [8.125, 0, 7],
			"to": [8.85, 1, 8],
			"faces": {
				"north": {"uv": [0.25, 0.5, 0.975, 1.5], "texture": "#0"},
				"east": {"uv": [0.75, 1.5, 1.75, 2.5], "texture": "#0"},
				"south": {"uv": [0.25, 0.5, 0.975, 1.5], "texture": "#0"},
				"west": {"uv": [0, 2, 1, 3], "texture": "#0"},
				"up": {"uv": [0.25, 1, 0.975, 2], "texture": "#0"},
				"down": {"uv": [0.25, 0.75, 0.975, 1.75], "texture": "#0"}
			}
		},
		{
			"from": [8.125, 1, 7.1],
			"to": [8.85, 2, 8.1],
			"faces": {
				"north": {"uv": [0.25, 0.5, 0.975, 1.5], "texture": "#0"},
				"east": {"uv": [2, 0.25, 3, 1.25], "texture": "#0"},
				"south": {"uv": [0.25, 0.5, 0.975, 1.5], "texture": "#0"},
				"west": {"uv": [0, 2.5, 1, 3.5], "texture": "#0"},
				"up": {"uv": [0, 0, 1, 1], "texture": "#0"},
				"down": {"uv": [0, 0, 1, 1], "texture": "#0"}
			}
		},
		{
			"from": [8.15, 4, 7.1],
			"to": [8.825, 5, 8.1],
			"faces": {
				"north": {"uv": [1, 1, 1.675, 2], "texture": "#0"},
				"east": {"uv": [0, 0, 1, 1], "texture": "#0"},
				"south": {"uv": [1, 1, 1.675, 2], "texture": "#0"},
				"west": {"uv": [0, 0.5, 1, 1.5], "texture": "#0"},
				"up": {"uv": [1.25, 0.75, 1.925, 1.75], "texture": "#0"},
				"down": {"uv": [0, 0, 1, 1], "texture": "#0"}
			}
		},
		{
			"from": [8.1, 5, 7],
			"to": [8.9, 6, 8],
			"faces": {
				"north": {"uv": [1, 1, 1.8, 2], "texture": "#0"},
				"east": {"uv": [1, 1.25, 2, 2.25], "texture": "#0"},
				"south": {"uv": [1, 1, 1.8, 2], "texture": "#0"},
				"west": {"uv": [0.75, 0.5, 1.75, 1.5], "texture": "#0"},
				"up": {"uv": [0, 0, 0.8, 1], "texture": "#0"},
				"down": {"uv": [0, 0, 1, 1], "texture": "#0"}
			}
		},
		{
			"from": [7.9, 6.15, 6.8],
			"to": [9.1, 7.95, 8.2],
			"faces": {
				"north": {"uv": [12.5, 0.5, 13.7, 2.3], "texture": "#0"},
				"east": {"uv": [12.5, 0.75, 13.9, 2.55], "texture": "#0"},
				"south": {"uv": [13, 0.5, 14.2, 2.3], "texture": "#0"},
				"west": {"uv": [12.5, 0.5, 13.9, 2.3], "texture": "#0"},
				"up": {"uv": [12.75, 0.75, 13.95, 2.15], "texture": "#0"},
				"down": {"uv": [13, 0.75, 14.2, 2.15], "texture": "#0"}
			}
		},
		{
			"from": [8, 6.25, 7.775],
			"to": [9, 7.85, 8.375],
			"faces": {
				"north": {"uv": [0, 0, 1, 1.6], "texture": "#missing"},
				"east": {"uv": [12.25, 0.25, 12.85, 1.85], "texture": "#0"},
				"south": {"uv": [13, 0.75, 14, 2.35], "texture": "#0"},
				"west": {"uv": [13.5, 0.25, 14.1, 1.85], "texture": "#0"},
				"up": {"uv": [12.75, 0.25, 13.75, 0.85], "texture": "#0"},
				"down": {"uv": [13.5, 1.25, 14.5, 1.85], "texture": "#0"}
			}
		},
		{
			"from": [8, 6.175, 6.3],
			"to": [9, 7.925, 6.8],
			"faces": {
				"north": {"uv": [12.5, 1.25, 13.5, 3], "texture": "#0"},
				"east": {"uv": [13.5, 0.75, 14, 2.5], "texture": "#0"},
				"south": {"uv": [0, 0, 1, 1.75], "texture": "#missing"},
				"west": {"uv": [12.5, 0.75, 13, 2.5], "texture": "#0"},
				"up": {"uv": [13, 1.25, 14, 1.75], "texture": "#0"},
				"down": {"uv": [13.5, 1, 14.5, 1.5], "texture": "#0"}
			}
		},
		{
			"from": [8.1, 6.05, 5.8],
			"to": [8.9, 8.05, 6.3],
			"faces": {
				"north": {"uv": [12.75, 0, 13.55, 2], "texture": "#0"},
				"east": {"uv": [13.5, 0, 14, 2], "texture": "#0"},
				"south": {"uv": [13.5, 0.5, 14.3, 2.5], "texture": "#0"},
				"west": {"uv": [12.5, 0.75, 13, 2.75], "texture": "#0"},
				"up": {"uv": [12.5, 0.5, 13.3, 1], "texture": "#0"},
				"down": {"uv": [13, 1.5, 13.8, 2], "texture": "#0"}
			}
		},
		{
			"from": [8.2, 5.95, 5.3],
			"to": [8.8, 8.15, 5.8],
			"faces": {
				"north": {"uv": [12.5, 0.25, 13.1, 2.45], "texture": "#0"},
				"east": {"uv": [12.75, 0.25, 13.25, 2.45], "texture": "#0"},
				"south": {"uv": [13, 0.25, 13.6, 2.45], "texture": "#0"},
				"west": {"uv": [12.25, 0, 12.75, 2.2], "texture": "#0"},
				"up": {"uv": [13, 0.5, 13.6, 1], "texture": "#0"},
				"down": {"uv": [13.25, 0.5, 13.85, 1], "texture": "#0"}
			}
		},
		{
			"from": [8.3, 5.85, 4.8],
			"to": [8.7, 8.25, 5.3],
			"faces": {
				"north": {"uv": [12.75, 0, 13.15, 2.4], "texture": "#0"},
				"east": {"uv": [13.5, 0.5, 14, 2.9], "texture": "#0"},
				"south": {"uv": [14.75, 0, 15.15, 2.4], "texture": "#0"},
				"west": {"uv": [12.75, 0.25, 13.25, 2.65], "texture": "#0"},
				"up": {"uv": [12.75, 0.75, 13.15, 1.25], "texture": "#0"},
				"down": {"uv": [13, 0.5, 13.4, 1], "texture": "#0"}
			}
		},
		{
			"from": [8.4, 5.75, 4.4],
			"to": [8.6, 8.35, 4.8],
			"faces": {
				"north": {"uv": [13, 0, 13.2, 2.6], "texture": "#0"},
				"east": {"uv": [14.25, 0.5, 14.65, 3.1], "texture": "#0"},
				"south": {"uv": [13, 0.5, 13.2, 3.1], "texture": "#0"},
				"west": {"uv": [12.5, 0.5, 12.9, 3.1], "texture": "#0"},
				"up": {"uv": [12.5, 0.75, 12.7, 1.15], "texture": "#0"},
				"down": {"uv": [13.25, 0.75, 13.45, 1.15], "texture": "#0"}
			}
		},
		{
			"from": [8, 6, 6.9],
			"to": [9, 8, 7.9],
			"faces": {
				"north": {"uv": [0.25, 0.5, 1.25, 2.5], "texture": "#0"},
				"east": {"uv": [0.5, 0.5, 1.5, 2.5], "texture": "#0"},
				"south": {"uv": [0.25, 0.5, 1.25, 2.5], "texture": "#0"},
				"west": {"uv": [0.5, 0.5, 1.5, 2.5], "texture": "#0"},
				"up": {"uv": [0.75, 1, 1.75, 2], "texture": "#0"},
				"down": {"uv": [0, 0, 1, 1], "texture": "#0"}
			}
		},
		{
			"from": [8.175, 2, 7.175],
			"to": [8.8, 4, 8.175],
			"faces": {
				"north": {"uv": [1.25, 1, 1.875, 3], "texture": "#0"},
				"east": {"uv": [0, 0, 1, 2], "texture": "#0"},
				"south": {"uv": [1.25, 1, 1.875, 3], "texture": "#0"},
				"west": {"uv": [0, 0, 1, 2], "texture": "#0"},
				"up": {"uv": [0, 0, 0.625, 1], "texture": "#0"},
				"down": {"uv": [0, 0, 0.625, 1], "texture": "#0"}
			}
		}
	],
	"display": {
		"thirdperson_righthand": {
			"translation": [-0.75, 7, 1.75],
			"scale": [1.5, 1.5, 1.5]
		},
		"thirdperson_lefthand": {
			"translation": [0.5, 6.75, 1.75],
			"scale": [1.5, 1.5, 1.5]
		},
		"firstperson_righthand": {
			"rotation": [-1, 6, 10],
			"translation": [2.5, 10.25, 0],
			"scale": [2, 2, 2]
		},
		"firstperson_lefthand": {
			"rotation": [-3, -8, 3],
			"translation": [0, 9.25, 4],
			"scale": [1.5, 1.5, 1.5]
		},
		"ground": {
			"rotation": [0, 0, 90],
			"translation": [-1.75, -4, 0]
		},
		"gui": {
			"rotation": [0, 90, 0],
			"translation": [1.75, 7.5, 0],
			"scale": [2, 2, 2]
		}
	}
}