{
	"credit": "NZ",
	"textures": {
		"0": "blocks/tools",
		"particle": "blocks/tools"
	},
	"elements": [
		{
			"from": [7, 3.2, 7.95],
			"to": [8, 5.2, 8.95],
			"faces": {
				"north": {"uv": [0.25, 0, 1.25, 4], "texture": "#0"},
				"east": {"uv": [1.75, 0, 2.75, 4], "texture": "#0"},
				"south": {"uv": [1.5, 0, 2.5, 4], "texture": "#0"},
				"west": {"uv": [2, 0, 3, 4], "texture": "#0"},
				"up": {"uv": [0.25, 0, 1.25, 4], "texture": "#0"},
				"down": {"uv": [0.25, 0, 1.25, 4], "texture": "#0"}
			}
		},
		{
			"from": [7, 9.3, 8],
			"to": [8, 10.7, 9],
			"faces": {
				"north": {"uv": [13.5, 2, 14.5, 3.4], "texture": "#0"},
				"east": {"uv": [13.5, 2, 14.5, 3.4], "texture": "#0"},
				"south": {"uv": [13.5, 2, 14.5, 3.4], "texture": "#0"},
				"west": {"uv": [13.5, 2, 14.5, 3.4], "texture": "#0"},
				"up": {"uv": [13.5, 2, 14.5, 3.4], "texture": "#0"},
				"down": {"uv": [13, 1, 14, 2], "texture": "#0"}
			}
		},
		{
			"from": [7.15, 6, 8.175],
			"to": [7.85, 9.9, 8.725],
			"faces": {
				"north": {"uv": [10.75, 0, 11.55, 3.9], "texture": "#0"},
				"east": {"uv": [8.5, 0, 9.2, 3.9], "texture": "#0"},
				"south": {"uv": [9.25, 0, 9.95, 3.9], "texture": "#0"},
				"west": {"uv": [9.25, 0, 9.95, 3.9], "texture": "#0"},
				"up": {"uv": [9.25, 0, 9.95, 3.9], "texture": "#0"},
				"down": {"uv": [9.25, 0, 9.95, 3.9], "texture": "#0"}
			}
		},
		{
			"from": [7.15, 10.8, 8.175],
			"to": [7.85, 11.7, 8.725],
			"faces": {
				"north": {"uv": [13.5, 1.75, 14.2, 2.3], "texture": "#0"},
				"east": {"uv": [13.5, 1.75, 14.2, 2.3], "texture": "#0"},
				"south": {"uv": [13.5, 1.75, 14.2, 2.3], "texture": "#0"},
				"west": {"uv": [13.5, 1.75, 14.2, 2.3], "texture": "#0"},
				"up": {"uv": [13.25, 1.75, 13.95, 2.3], "texture": "#0"},
				"down": {"uv": [13.5, 1.75, 14.2, 2.3], "texture": "#0"}
			}
		},
		{
			"from": [7.1, 1.9, 8.1],
			"to": [7.9, 6, 8.8],
			"faces": {
				"north": {"uv": [9.25, 0, 10.05, 3.85], "texture": "#0"},
				"east": {"uv": [9.25, 0, 10.05, 3.85], "texture": "#0"},
				"south": {"uv": [8.5, 0, 9.3, 3.85], "texture": "#0"},
				"west": {"uv": [10.5, 0, 11.3, 3.85], "texture": "#0"},
				"up": {"uv": [9.25, 0, 10.05, 3.85], "texture": "#0"},
				"down": {"uv": [9, 1.5, 9.8, 2.2], "texture": "#0"}
			}
		},
		{
			"from": [6.6, 10.7, 8.1],
			"to": [8.4, 11.6, 8.8],
			"faces": {
				"north": {"uv": [8.25, 1.75, 10.05, 2.65], "texture": "#0"},
				"east": {"uv": [9, 1.25, 9.7, 2.15], "texture": "#0"},
				"south": {"uv": [8.25, 1.75, 10.05, 2.65], "texture": "#0"},
				"west": {"uv": [9, 1.25, 9.7, 2.15], "texture": "#0"},
				"up": {"uv": [8.5, 1.75, 10.3, 2.45], "texture": "#0"},
				"down": {"uv": [9, 1, 10.8, 1.7], "texture": "#0"}
			}
		},
		{
			"from": [4.8, 10.5, 8.2],
			"to": [6.6, 11.4, 8.7],
			"faces": {
				"north": {"uv": [13.25, 1.25, 15.05, 2.15], "texture": "#0"},
				"east": {"uv": [13, 1.5, 13.5, 2.4], "texture": "#0"},
				"south": {"uv": [13.25, 1.25, 15.05, 2.15], "texture": "#0"},
				"west": {"uv": [13, 2.5, 13.1, 3], "texture": "#0"},
				"up": {"uv": [13, 1.5, 14.8, 2], "texture": "#0"},
				"down": {"uv": [13, 1.5, 14.8, 2], "texture": "#0"}
			}
		},
		{
			"from": [3.4, 10.4, 8.3],
			"to": [4.8, 11.3, 8.6],
			"faces": {
				"north": {"uv": [14, 2.25, 15.4, 3.15], "texture": "#0"},
				"east": {"uv": [14, 1.5, 14.1, 2.3], "texture": "#0"},
				"south": {"uv": [14, 2.25, 15.4, 3.15], "texture": "#0"},
				"west": {"uv": [13, 2.5, 13.1, 3], "texture": "#0"},
				"up": {"uv": [14, 2.25, 15.4, 2.55], "texture": "#0"},
				"down": {"uv": [13.5, 1.75, 14.9, 2.05], "texture": "#0"}
			}
		},
		{
			"from": [2, 10.3, 8.4],
			"to": [3.4, 11.1, 8.5],
			"faces": {
				"north": {"uv": [13.75, 2, 15.15, 2.8], "texture": "#0"},
				"east": {"uv": [14, 1.5, 14.1, 2.3], "texture": "#0"},
				"south": {"uv": [13.75, 2, 15.15, 2.8], "texture": "#0"},
				"west": {"uv": [13.25, 1.25, 13.35, 2.05], "texture": "#0"},
				"up": {"uv": [12.75, 2.75, 14.15, 2.85], "texture": "#0"},
				"down": {"uv": [13, 1.25, 14.4, 1.35], "texture": "#0"}
			}
		},
		{
			"from": [1.4, 10.3, 8.4],
			"to": [2, 10.8, 8.5],
			"faces": {
				"north": {"uv": [13.25, 2.25, 13.85, 2.75], "texture": "#0"},
				"east": {"uv": [0, 0, 0.1, 0.5], "texture": "#missing"},
				"south": {"uv": [13.25, 2.25, 13.85, 2.75], "texture": "#0"},
				"west": {"uv": [13.25, 1.25, 13.35, 2.05], "texture": "#0"},
				"up": {"uv": [13.75, 2.5, 14.35, 2.6], "texture": "#0"},
				"down": {"uv": [13.75, 2.5, 14.35, 2.6], "texture": "#0"}
			}
		},
		{
			"from": [11.6, 10.3, 8.4],
			"to": [13, 11.1, 8.5],
			"faces": {
				"north": {"uv": [13.75, 2, 15.15, 2.8], "texture": "#0"},
				"east": {"uv": [13, 2.5, 13.1, 3], "texture": "#0"},
				"south": {"uv": [13.75, 2, 15.15, 2.8], "texture": "#0"},
				"west": {"uv": [14, 1.5, 14.1, 2.3], "texture": "#0"},
				"up": {"uv": [12.75, 2.75, 14.15, 2.85], "texture": "#0"},
				"down": {"uv": [13, 1.25, 14.4, 1.35], "texture": "#0"}
			}
		},
		{
			"from": [10.2, 10.4, 8.3],
			"to": [11.6, 11.3, 8.6],
			"faces": {
				"north": {"uv": [14, 2.25, 15.4, 3.15], "texture": "#0"},
				"east": {"uv": [13, 2.5, 13.1, 3], "texture": "#0"},
				"south": {"uv": [14, 2.25, 15.4, 3.15], "texture": "#0"},
				"west": {"uv": [13, 1.5, 13.5, 2.4], "texture": "#0"},
				"up": {"uv": [14, 2.25, 15.4, 2.55], "texture": "#0"},
				"down": {"uv": [13.5, 1.75, 14.9, 2.05], "texture": "#0"}
			}
		},
		{
			"from": [8.4, 10.5, 8.2],
			"to": [10.2, 11.4, 8.7],
			"faces": {
				"north": {"uv": [13.25, 1.25, 15.05, 2.15], "texture": "#0"},
				"east": {"uv": [13, 2.5, 13.1, 3], "texture": "#0"},
				"south": {"uv": [13.25, 1.25, 15.05, 2.15], "texture": "#0"},
				"west": {"uv": [13, 1.5, 13.5, 2.4], "texture": "#0"},
				"up": {"uv": [13, 1.5, 14.8, 2], "texture": "#0"},
				"down": {"uv": [13, 1.5, 14.8, 2], "texture": "#0"}
			}
		},
		{
			"from": [13, 10.3, 8.4],
			"to": [13.6, 10.8, 8.5],
			"faces": {
				"north": {"uv": [13.25, 2.25, 13.85, 2.75], "texture": "#0"},
				"east": {"uv": [13, 2.5, 13.1, 3], "texture": "#0"},
				"south": {"uv": [13.25, 2.25, 13.85, 2.75], "texture": "#0"},
				"west": {"uv": [0, 0, 0.1, 0.5], "texture": "#missing"},
				"up": {"uv": [13.75, 2.5, 14.35, 2.6], "texture": "#0"},
				"down": {"uv": [13.75, 2.5, 14.35, 2.6], "texture": "#0"}
			}
		}
	],
	"display": {
		"thirdperson_righthand": {
			"rotation": [0, 90, 0],
			"translation": [-1.5, 1.5, 0.5],
			"scale": [1.5, 1.5, 1.5]
		},
		"thirdperson_lefthand": {
			"rotation": [0, 90, 0],
			"translation": [-1.5, 1.25, 1.75],
			"scale": [1.5, 1.5, 1.5]
		},
		"firstperson_righthand": {
			"rotation": [11, 98, -4],
			"translation": [4, 3.5, -3],
			"scale": [2, 2, 2]
		},
		"firstperson_lefthand": {
			"rotation": [8, 95, -8],
			"translation": [1, 5, 2],
			"scale": [1.5, 1.5, 1.5]
		},
		"ground": {
			"rotation": [91, 0, 0],
			"translation": [0, -3.25, 1.25]
		},
		"gui": {
			"translation": [1, 1.25, 0],
			"scale": [1.5, 1.5, 1.5]
		}
	}
}