{
	"credit": "Made with Blockbench",
	"textures": {
		"0": "blocks/book",
		"particle": "blocks/book"
	},
	"elements": [
		{
			"from": [4, 0.925, 2],
			"to": [12, 1.175, 14],
			"rotation": {"angle": 0, "axis": "y", "origin": [8, 7.75, 8]},
			"faces": {
				"north": {"uv": [0, 0, 0.25, 8], "rotation": 90, "texture": "#0"},
				"east": {"uv": [0, 0, 0.25, 12], "rotation": 90, "texture": "#0"},
				"south": {"uv": [0, 0, 0.25, 8], "rotation": 90, "texture": "#0"},
				"west": {"uv": [0, 0, 0.25, 12], "rotation": 90, "texture": "#0"},
				"up": {"uv": [0, 0, 8, 12], "rotation": 180, "texture": "#0"},
				"down": {"uv": [0, 4, 1, 5], "rotation": 90, "texture": "#0"}
			}
		},
		{
			"from": [12, 0.125, 2],
			"to": [12.25, 1.05, 14],
			"rotation": {"angle": 0, "axis": "y", "origin": [8, 7.75, 8]},
			"faces": {
				"north": {"uv": [0, 4, 1, 5], "rotation": 90, "texture": "#0"},
				"east": {"uv": [0, 0, 0.925, 12], "rotation": 90, "texture": "#0"},
				"south": {"uv": [0, 4, 1, 5], "rotation": 90, "texture": "#0"},
				"west": {"uv": [0, 0, 12, 0.925], "texture": "#missing"},
				"up": {"uv": [0, 0, 0.25, 12], "texture": "#0"},
				"down": {"uv": [0, 0, 0.25, 12], "texture": "#0"}
			}
		},
		{
			"from": [4, 0, 2],
			"to": [12, 0.25, 14],
			"faces": {
				"north": {"uv": [0, 0, 0.25, 8], "rotation": 90, "texture": "#0"},
				"east": {"uv": [0, 0, 0.25, 12], "rotation": 90, "texture": "#0"},
				"south": {"uv": [0, 0, 0.25, 8], "rotation": 90, "texture": "#0"},
				"west": {"uv": [0, 0, 0.25, 12], "rotation": 90, "texture": "#0"},
				"up": {"uv": [0, 4, 1, 5], "rotation": 90, "texture": "#0"},
				"down": {"uv": [0, 5, 8, 12], "rotation": 180, "texture": "#0"}
			}
		},
		{
			"from": [4.3, 0.325, 2.3],
			"to": [12, 0.4, 13.7],
			"rotation": {"angle": 0, "axis": "y", "origin": [8, 7.75, 8]},
			"faces": {
				"north": {"uv": [13, 3, 13.075, 10.7], "rotation": 90, "texture": "#0"},
				"east": {"uv": [13, 3, 13.075, 10.7], "rotation": 90, "texture": "#0"},
				"south": {"uv": [13, 3, 13.075, 10.7], "rotation": 90, "texture": "#0"},
				"west": {"uv": [13, 3, 13.075, 10.7], "rotation": 90, "texture": "#0"},
				"up": {"uv": [13, 3, 13.075, 10.7], "rotation": 90, "texture": "#0"},
				"down": {"uv": [13, 3, 13.075, 10.7], "rotation": 90, "texture": "#0"}
			}
		},
		{
			"from": [4.3, 0.475, 2.3],
			"to": [12, 0.55, 13.7],
			"rotation": {"angle": 0, "axis": "y", "origin": [8, 7.75, 8]},
			"faces": {
				"north": {"uv": [13, 3, 13.075, 10.7], "rotation": 90, "texture": "#0"},
				"east": {"uv": [13, 3, 13.075, 10.7], "rotation": 90, "texture": "#0"},
				"south": {"uv": [13, 3, 13.075, 10.7], "rotation": 90, "texture": "#0"},
				"west": {"uv": [13, 3, 13.075, 10.7], "rotation": 90, "texture": "#0"},
				"up": {"uv": [13, 3, 13.075, 10.7], "rotation": 90, "texture": "#0"},
				"down": {"uv": [13, 3, 13.075, 10.7], "rotation": 90, "texture": "#0"}
			}
		},
		{
			"from": [4.3, 0.625, 2.3],
			"to": [12, 0.7, 13.7],
			"rotation": {"angle": 0, "axis": "y", "origin": [8, 7.75, 8]},
			"faces": {
				"north": {"uv": [13, 3, 13.075, 10.7], "rotation": 90, "texture": "#0"},
				"east": {"uv": [13, 3, 13.075, 10.7], "rotation": 90, "texture": "#0"},
				"south": {"uv": [13, 3, 13.075, 10.7], "rotation": 90, "texture": "#0"},
				"west": {"uv": [13, 3, 13.075, 10.7], "rotation": 90, "texture": "#0"},
				"up": {"uv": [13, 3, 13.075, 10.7], "rotation": 90, "texture": "#0"},
				"down": {"uv": [13, 3, 13.075, 10.7], "rotation": 90, "texture": "#0"}
			}
		},
		{
			"from": [4.3, 0.775, 2.3],
			"to": [12, 0.85, 13.7],
			"rotation": {"angle": 0, "axis": "y", "origin": [8, 7.75, 8]},
			"faces": {
				"north": {"uv": [13, 3, 13.075, 10.7], "rotation": 90, "texture": "#0"},
				"east": {"uv": [13, 3, 13.075, 10.7], "rotation": 90, "texture": "#0"},
				"south": {"uv": [13, 3, 13.075, 10.7], "rotation": 90, "texture": "#0"},
				"west": {"uv": [13, 3, 13.075, 10.7], "rotation": 90, "texture": "#0"},
				"up": {"uv": [13, 3, 13.075, 10.7], "rotation": 90, "texture": "#0"},
				"down": {"uv": [13, 3, 13.075, 10.7], "rotation": 90, "texture": "#0"}
			}
		},
		{
			"from": [4.25, 0.25, 2.25],
			"to": [12, 0.325, 13.75],
			"rotation": {"angle": 0, "axis": "y", "origin": [8, 7.75, 8]},
			"faces": {
				"north": {"uv": [14, 11, 14.5, 11.75], "rotation": 90, "texture": "#0"},
				"east": {"uv": [14, 11, 14.5, 11.75], "rotation": 90, "texture": "#0"},
				"south": {"uv": [14, 11, 14.5, 11.75], "rotation": 90, "texture": "#0"},
				"west": {"uv": [14, 11, 14.5, 11.75], "rotation": 90, "texture": "#0"},
				"up": {"uv": [14, 11, 14.5, 11.75], "rotation": 90, "texture": "#0"},
				"down": {"uv": [14, 11, 14.5, 11.75], "rotation": 90, "texture": "#0"}
			}
		},
		{
			"from": [4.25, 0.4, 2.25],
			"to": [12, 0.475, 13.75],
			"rotation": {"angle": 0, "axis": "y", "origin": [8, 7.75, 8]},
			"faces": {
				"north": {"uv": [14, 11, 14.5, 11.75], "rotation": 90, "texture": "#0"},
				"east": {"uv": [14, 11, 14.5, 11.75], "rotation": 90, "texture": "#0"},
				"south": {"uv": [14, 11, 14.5, 11.75], "rotation": 90, "texture": "#0"},
				"west": {"uv": [14, 11, 14.5, 11.75], "rotation": 90, "texture": "#0"},
				"up": {"uv": [14, 11, 14.5, 11.75], "rotation": 90, "texture": "#0"},
				"down": {"uv": [14, 11, 14.5, 11.75], "rotation": 90, "texture": "#0"}
			}
		},
		{
			"from": [4.25, 0.55, 2.25],
			"to": [12, 0.625, 13.75],
			"rotation": {"angle": 0, "axis": "y", "origin": [8, 7.75, 8]},
			"faces": {
				"north": {"uv": [14, 11, 14.5, 11.75], "rotation": 90, "texture": "#0"},
				"east": {"uv": [14, 11, 14.5, 11.75], "rotation": 90, "texture": "#0"},
				"south": {"uv": [14, 11, 14.5, 11.75], "rotation": 90, "texture": "#0"},
				"west": {"uv": [14, 11, 14.5, 11.75], "rotation": 90, "texture": "#0"},
				"up": {"uv": [14, 11, 14.5, 11.75], "rotation": 90, "texture": "#0"},
				"down": {"uv": [14, 11, 14.5, 11.75], "rotation": 90, "texture": "#0"}
			}
		},
		{
			"from": [4.25, 0.7, 2.25],
			"to": [12, 0.775, 13.75],
			"rotation": {"angle": 0, "axis": "y", "origin": [8, 7.75, 8]},
			"faces": {
				"north": {"uv": [14, 11, 14.5, 11.75], "rotation": 90, "texture": "#0"},
				"east": {"uv": [14, 11, 14.5, 11.75], "rotation": 90, "texture": "#0"},
				"south": {"uv": [14, 11, 14.5, 11.75], "rotation": 90, "texture": "#0"},
				"west": {"uv": [14, 11, 14.5, 11.75], "rotation": 90, "texture": "#0"},
				"up": {"uv": [14, 11, 14.5, 11.75], "rotation": 90, "texture": "#0"},
				"down": {"uv": [14, 11, 14.5, 11.75], "rotation": 90, "texture": "#0"}
			}
		},
		{
			"from": [4.25, 0.85, 2.25],
			"to": [12, 0.925, 13.75],
			"rotation": {"angle": 0, "axis": "y", "origin": [8, 7.75, 8]},
			"faces": {
				"north": {"uv": [14, 11, 14.5, 11.75], "rotation": 90, "texture": "#0"},
				"east": {"uv": [14, 11, 14.5, 11.75], "rotation": 90, "texture": "#0"},
				"south": {"uv": [14, 11, 14.5, 11.75], "rotation": 90, "texture": "#0"},
				"west": {"uv": [14, 11, 14.5, 11.75], "rotation": 90, "texture": "#0"},
				"up": {"uv": [14, 11, 14.5, 11.75], "rotation": 90, "texture": "#0"},
				"down": {"uv": [14, 11, 14.5, 11.75], "rotation": 90, "texture": "#0"}
			}
		}
	],
	"display": {
		"thirdperson_righthand": {
			"rotation": [-95, 0, -180],
			"translation": [-0.5, 2, 3.5],
			"scale": [0.42, 0.42, 0.42]
		},
		"thirdperson_lefthand": {
			"rotation": [-91.5, 0, 177.75],
			"translation": [-0.75, 2.25, 3.75],
			"scale": [0.42, 0.42, 0.42]
		},
		"firstperson_righthand": {
			"rotation": [-94.5, 0, 159],
			"translation": [-1.5, 5, 6],
			"scale": [0.42, 0.42, 0.42]
		},
		"firstperson_lefthand": {
			"rotation": [66, 175, -27],
			"translation": [-4.75, 6.5, 7.5],
			"scale": [0.42, 0.42, 0.42]
		},
		"ground": {
			"translation": [0, 5.5, 0],
			"scale": [0.42, 0.42, 0.42]
		},
		"gui": {
			"rotation": [53, -158, 0],
			"translation": [0, 5.5, 0],
			"scale": [1.14, 1.14, 1.14]
		}
	}
}